galaxy_id,redshift,source_h5_row,bundle_h5_row
2749127639663467086,0.2240000069141388,64,6
2724960338647448663,0.25200000405311584,148,12
2699594623637543835,0.1940000057220459,278,20
2697169064648290576,0.34599998593330383,348,28
2655027633675466513,0.07400000095367432,354,30
2701421579637432167,0.1120000034570694,384,33
2707053117646680208,0.08399999886751175,444,39
2735702397645594840,0.3400000035762787,520,47
2752589324649805463,0.2160000056028366,522,48
2705254725641911523,0.5,537,52
2736195127646559467,0.1979999989271164,592,60
2738406799657245242,0.2160000056028366,632,69
2638232600656188336,0.23000000417232513,637,70
2635683555672917106,0.257999986410141,657,74
2756363200653228148,0.17000000178813934,1101,117
2637407879651186054,0.2840000092983246,1141,122
2659327243663734868,0.15199999511241913,1220,127
2660953326662205470,0.28999999165534973,1282,128
2755346302646468494,0.07599999755620956,1486,140
2664840512654931341,0.18199999630451202,1515,142
2659043998667100591,0.28999999165534973,1604,153
2699276879683615116,0.11400000005960464,1607,154
2694856257675542474,0.3400000035762787,2085,185
2757138600655855895,0.2460000067949295,2213,196
2748381966656213146,0.20399999618530273,2307,204
2709718571681957557,0.30799999833106995,2570,213
2739715212660020818,0.3799999952316284,2616,217
2755864198656087814,0.16200000047683716,2745,225
2668957305655651501,0.3479999899864197,2747,226
2655258024669990738,0.25200000405311584,2799,227
2738875255660151104,0.1379999965429306,2928,237
2725588862661028162,0.20999999344348907,2956,239
2663322737670942761,0.23000000417232513,2982,240
2739562834672928156,0.3540000021457672,3095,248
2717195936656125584,0.23000000417232513,3106,252
2677625689642549057,0.4000000059604645,3178,256
2693979910650394536,0.30799999833106995,3334,266
2745893704652967516,0.17000000178813934,3419,273
2646048692664518604,0.30799999833106995,3458,275
2738449921676747192,0.21799999475479126,3480,278
2655718963639323841,0.1080000028014183,3566,283
2762760415679414315,0.23399999737739563,3630,289
2651466704638427114,0.0820000022649765,3755,305
2671502695645197292,0.16599999368190765,3857,316
2656579731680503055,0.13199999928474426,4059,338
2757038956662448170,0.30000001192092896,4106,343
2651270295645667103,0.30399999022483826,4141,347
2743924561663256931,0.22200000286102295,4227,353
2683127013647014936,0.3700000047683716,4479,368
2689119533641131527,0.25999999046325684,4713,385
2623800328670480643,0.36399999260902405,4780,390
2756760652677587474,0.31200000643730164,4882,397
2713493533641383111,0.25999999046325684,4922,400
2755675158680999748,0.25999999046325684,4955,404
2745273628683517758,0.2199999988079071,5050,412
2690599571648876197,0.22599999606609344,5057,415
2691508672638842763,0.11599999666213989,5087,417
2763447690673240808,0.15199999511241913,5132,425
2669132832672902542,0.09799999743700027,5142,428
2628705364675010433,0.13199999928474426,5192,433
2711366603640713775,0.14800000190734863,5216,434
2748629837668002884,0.4819999933242798,5265,441
2643304926643079632,0.3019999861717224,5361,447
2739376884639326890,0.34599998593330383,5378,450
2626477368650050805,0.09000000357627869,5460,456
2625685059650941587,0.07000000029802322,5847,498
2660883373684819569,0.10999999940395355,5882,505
2653554325651132559,0.15600000321865082,5914,507
2653681082641770411,0.30000001192092896,5989,517
2645257493639230634,0.21400000154972076,6323,548
2756217206642999197,0.27799999713897705,6518,561
2736780832676062339,0.3179999887943268,6620,567
2744791592664930164,0.22200000286102295,6678,571
2754727802641434328,0.3799999952316284,6681,572
2646232611644387033,0.18199999630451202,6691,575
2753716444669669610,0.07199999690055847,6702,577
2707675442679267144,0.2619999945163727,6902,591
2689204390683649693,0.25200000405311584,6998,595
2721333784639805495,0.23800000548362732,7003,597
2646164252644474872,0.24799999594688416,7023,599
2642460200646575523,0.20999999344348907,7025,600
2647997701639820892,0.19599999487400055,7077,603
2632008667659255611,0.25,7146,608
2643624354677938057,0.1599999964237213,7200,612
2675136880681697846,0.1720000058412552,7242,616
2648049483677517018,0.3580000102519989,7261,618
2642979018677534181,0.1860000044107437,7310,623
2628125366652435610,0.257999986410141,7438,632
2637365776647223505,0.17800000309944153,7464,634
2717893598658132398,0.25,7566,641
2720915881656822498,0.20999999344348907,7573,642
2747583447673079383,0.28200000524520874,7749,656
2729064233646661666,0.2919999957084656,7814,662
2742960026673612018,0.23000000417232513,7911,673
2692876303652769046,0.41999998688697815,7929,674
2731914099648632020,0.08399999886751175,7935,675
2651921458639699255,0.4180000126361847,8034,679
2700034474685459924,0.17399999499320984,8100,683
2661521258658304123,0.2919999957084656,8201,688
2763880429674225993,0.29600000381469727,8315,699
2765931592661854409,0.23800000548362732,8400,705
2742411932672051861,0.2800000011920929,8421,709
2694757710655852053,0.257999986410141,8660,727
2759584733673688999,0.2980000078678131,8749,735
2666293587667554202,0.029999999329447746,8864,746
2754257662672101873,0.28999999165534973,9047,762
2643184004658610649,0.36800000071525574,9079,764
2651684130653897045,0.4000000059604645,9129,770
2711366958677964096,0.3400000035762787,9137,772
2644508459669891376,0.16200000047683716,9240,777
2647132099670025648,0.12800000607967377,9252,779
2662024658670404373,0.4399999976158142,9268,782
2766674707666299737,0.13600000739097595,9292,784
2748443103680959584,0.22599999606609344,9450,791
2668840448675748836,0.07000000029802322,9518,801
2704423384685033708,0.15000000596046448,9573,803
2708661068677708538,0.26600000262260437,9668,815
2662599283657988390,0.36399999260902405,9685,817
2725419706668713462,0.29600000381469727,9720,822
2730157661668402582,0.10000000149011612,9730,824
2669253348679259346,0.30000001192092896,9875,834
2686040125673428992,0.2680000066757202,9900,836
2726357436683061560,0.1599999964237213,9918,838
2707529194674127045,0.1720000058412552,9930,841
2681644362680399428,0.10000000149011612,10004,853
2705128296676553489,0.3400000035762787,10126,862
2748354318680659620,0.08399999886751175,10175,867
2658928367680548118,0.1379999965429306,10205,870
2681784856670358181,0.10000000149011612,10255,875
2745808050661787867,0.15199999511241913,10368,885
2709347725664559150,0.10000000149011612,10381,886
2712000609679936522,0.3319999873638153,10539,899
2730558632657308720,0.23000000417232513,10629,903
2700012840637496472,0.2199999988079071,10675,905
2670961112677715804,0.18199999630451202,10764,916
2705892085646716604,0.029999999329447746,10785,917
2759711984663868908,0.29600000381469727,10896,928
2752686423650641647,0.23199999332427979,10939,930
2637498301654136731,0.01600000075995922,10959,933
2647676538684838875,0.30799999833106995,10992,938
2734824296657873885,0.33000001311302185,11022,941
2646932358684862429,0.33399999141693115,11081,947
2733055533676810508,0.4880000054836273,11113,953
2730086408678589580,0.27000001072883606,11137,956
2737994627653583000,0.18199999630451202,11177,961
2681198140643886055,0.17000000178813934,11249,967
2646388647648019160,0.1379999965429306,11314,975
2681755158652206693,0.07000000029802322,11324,976
2663018355686680696,0.37400001287460327,11446,986
2681931514645813928,0.05999999865889549,11500,995
2679818303663719804,0.28999999165534973,11503,996
2646149688641766173,0.1379999965429306,11543,999
2739999238644938345,0.1979999989271164,11583,1003
2736253784641224973,0.25999999046325684,11811,1023
2643989999662837441,0.2160000056028366,11891,1031
2690818276684449244,0.26600000262260437,11932,1035
2724538677651991704,0.17000000178813934,12023,1046
2728515559652848218,0.2980000078678131,12266,1070
2660057747682522978,0.3100000023841858,12348,1083
2702011428687839352,0.1379999965429306,12373,1087
2707326451688211783,0.1340000033378601,12427,1093
2706728105682226289,0.12999999523162842,12513,1103
2733904536682832733,0.18000000715255737,12519,1104
2639934994676503361,0.11999999731779099,12531,1105
2744769316653811085,0.3100000023841858,12615,1110
2693008568688399820,0.09799999743700027,12617,1111
2633439427666813627,0.3059999942779541,12683,1118
2767824712651282760,0.1340000033378601,12749,1123
2758609705655010360,0.10999999940395355,12858,1131
2738045873659290400,0.3700000047683716,12876,1133
2750702923662470254,0.1679999977350235,12920,1137
2704678414669270750,0.20999999344348907,12930,1138
2722264083671495335,0.3700000047683716,12972,1142
2738279613659155820,0.32600000500679016,13065,1147
2728940636655902135,0.2980000078678131,13173,1160
2649253957676211533,0.1599999964237213,13409,1176
2741201693673702425,0.2280000001192093,13505,1182
2739286148664425322,0.25600001215934753,13541,1186
2648276813676015810,0.14000000059604645,13574,1190
2625517288658822263,0.34200000762939453,13591,1195
2764693032650758213,0.13600000739097595,13623,1198
2668849141638683911,0.36000001430511475,13891,1220
2709680285638551551,0.3319999873638153,13928,1224
2686339540642740019,0.15199999511241913,14009,1237
2721960280653226258,0.1599999964237213,14163,1256
2654912945651578339,0.2800000011920929,14296,1263
2632613873648529741,0.22599999606609344,14314,1266
2687377492641924028,0.20600000023841858,14392,1272
2743028903646731298,0.17800000309944153,14466,1279
2706002293638263033,0.15199999511241913,14611,1292
2666741582683539604,0.2199999988079071,14662,1294
2739904011662070726,0.15199999511241913,14684,1296
2672910584652803574,0.20399999618530273,14719,1304
2654048679645290416,0.07999999821186066,14829,1307
2654708057644938319,0.14000000059604645,14860,1310
2690121296677155141,0.12200000137090683,14867,1314
2628971400650965933,0.35600000619888306,14945,1320
2677102607640948856,0.1379999965429306,14999,1325
2743443272647857866,0.2199999988079071,15034,1329
2668383540682533679,0.18799999356269836,15081,1331
2762207328676472394,0.25999999046325684,15087,1333
2627024400653928295,0.34599998593330383,15202,1343
2638943896643382792,0.08399999886751175,15264,1347
2731366694686604332,0.2199999988079071,15307,1350
2677119490676072402,0.21199999749660492,15326,1353
2730499419640417352,0.23199999332427979,15343,1354
2715842232641523100,0.21799999475479126,15396,1360
2658195349645055332,0.16200000047683716,15437,1365
2664636721652215055,0.23000000417232513,15488,1372
2714394081639244967,0.2280000001192093,15524,1377
2669696233638901452,0.07000000029802322,15559,1382
2675361690651357680,0.28999999165534973,15579,1385
2756645842676464035,0.40799999237060547,15680,1393
2627079454673220345,0.13199999928474426,15696,1394
2706087821639965500,0.0860000029206276,15748,1397
2710725939640531414,0.15600000321865082,15755,1398
2653775367651090561,0.328000009059906,15862,1406
2748386320651523867,0.1120000034570694,16057,1419
2652890486648907789,0.14000000059604645,16139,1429
2657112703650359581,0.02800000086426735,16182,1438
2646615987645219975,0.25999999046325684,16292,1445
2628123580675643873,0.14000000059604645,16296,1446
2757713650650336741,0.2280000001192093,16393,1454
2761711817652892094,0.2199999988079071,16425,1458
2752543621676296923,0.2280000001192093,16468,1461
2656599249648366390,0.2879999876022339,16582,1475
2656564859685040528,0.12399999797344208,16927,1509
2662481534649744442,0.25,17006,1516
2700116120640548274,0.22200000286102295,17027,1519
2750384541656314308,0.2199999988079071,17105,1530
2636019131652305759,0.3440000116825104,17153,1531
2764997121653492050,0.0820000022649765,17326,1547
2744429275648097740,0.2879999876022339,17344,1550
2745407251647028589,0.12200000137090683,17348,1552
2705947139644984186,0.10000000149011612,17377,1555
2644620640676325666,0.31200000643730164,17637,1574
2647541638645813014,0.2199999988079071,17730,1581
2681540492677478303,0.22599999606609344,17749,1585
2645252854639224837,0.07000000029802322,17868,1597
2718294099649915525,0.10999999940395355,18007,1606
2734717370684276790,0.2199999988079071,18134,1617
2691792807682022092,0.18199999630451202,18269,1630
2744125682650755454,0.2280000001192093,18509,1646
2624497898651820545,0.29600000381469727,18546,1650
2692564312651312428,0.36000001430511475,18579,1653
2717502675677198491,0.1080000028014183,18656,1661
2703976199683040333,0.34200000762939453,18703,1665
2742669090671738592,0.25999999046325684,18705,1666
2713923583651885949,0.38999998569488525,18749,1671
2690436171689239721,0.13199999928474426,18832,1679
2663780723667455552,0.30399999022483826,19134,1698
2730809521674718975,0.23000000417232513,19395,1722
2638997043658582425,0.2199999988079071,19491,1730
2666589233667093832,0.22599999606609344,19519,1734
2752924302674303745,0.34200000762939453,19521,1735
2753044950675417583,0.3199999928474426,19660,1752
2715494086675440661,0.1420000046491623,19744,1759
2651784191678609752,0.07199999690055847,19745,1760
2670715211657001744,0.3720000088214874,19775,1762
2700262685676756002,0.20000000298023224,19779,1763
2690429701654109371,0.1340000033378601,19957,1776
2682537304677693975,0.052000001072883606,20050,1781
2728249097684056606,0.2160000056028366,20106,1786
2692302876663786535,0.28999999165534973,20141,1788
2765711399667201428,0.20399999618530273,20142,1789
2743964821669344713,0.2199999988079071,20181,1795
2659543004653744379,0.17000000178813934,20187,1796
2688105510676634351,0.05000000074505806,20208,1798
2674277732686665899,0.10400000214576721,20216,1801
2711057049677195443,0.36800000071525574,20259,1805
2656997137654997458,0.15199999511241913,20285,1807
2650685899655531879,0.3240000009536743,20294,1809
2728914230661895053,0.20800000429153442,20323,1811
2657941457678096889,0.2619999945163727,20338,1813
2693162575678859854,0.17800000309944153,20397,1820
2682197081681036532,0.10199999809265137,20401,1821
2727757658638423563,0.13600000739097595,20430,1824
2719624747679310316,0.2199999988079071,20518,1834
2749712895680189893,0.3880000114440918,20608,1839
2672114858686540292,0.1420000046491623,20696,1850
2673809281686681557,0.20800000429153442,20700,1851
2658570594673511217,0.2800000011920929,20770,1856
2766207808671135197,0.4300000071525574,20791,1859
2696692064643097284,0.36000001430511475,20849,1866
2766672652663823338,0.2619999945163727,20872,1867
2661345094666241065,0.2199999988079071,20896,1870
2714070338681030475,0.08399999886751175,20960,1875
2716516168681087690,0.2800000011920929,21018,1882
2700488608648580099,0.13600000739097595,21102,1890
2726196228646449487,0.09399999678134918,21128,1897
2702782055638481766,0.2800000011920929,21262,1909
2706690173647454557,0.2919999957084656,21275,1911
2704996760642700694,0.2800000011920929,21391,1922
2670496077648810291,0.3700000047683716,21527,1932
2663754369640370010,0.3440000116825104,21616,1937
2690949422691681576,0.3179999887943268,21696,1946
2637852763649403684,0.11400000005960464,21882,1964
2687509746692311134,0.47200000286102295,21902,1966
2693020127684940769,0.1379999965429306,22314,1995
2676950295641749400,0.14000000059604645,22409,2000
2657552321667356601,0.22200000286102295,22462,2005
2674924555641594355,0.30399999022483826,22576,2015
2633232437659999102,0.2800000011920929,22578,2016
2769713700667118580,0.42800000309944153,22787,2034
2770806576667926320,0.25600001215934753,22838,2037
2661381580683004974,0.04800000041723251,22900,2042
2725715037653455349,0.12600000202655792,22984,2052
2646974453658041723,0.3179999887943268,23033,2054
2695115168686891129,0.12800000607967377,23200,2067
2737392482659286329,0.2199999988079071,23440,2090
2712191493683579843,0.25999999046325684,23464,2093
2743469278654947746,0.27000001072883606,23479,2096
2692497771687706953,0.0820000022649765,23509,2100
2759185133655256786,0.3659999966621399,23547,2105
2761173808655179352,0.2879999876022339,23560,2106
2638706835660657603,0.2199999988079071,23649,2115
2711754322684429785,0.30399999022483826,23928,2133
2717530349654807227,0.28999999165534973,23960,2136
2670831394663456705,0.30799999833106995,24062,2143
2653287090675110605,0.3100000023841858,24089,2147
2623360267659471049,0.014000000432133675,24151,2150
2624334700659779384,0.10999999940395355,24170,2152
2674222966645004395,0.47999998927116394,24238,2157
2695721349649590767,0.30399999022483826,24322,2169
2687475883643412241,0.3100000023841858,24378,2171
2710679235690327726,0.3100000023841858,24467,2182
2668482955646204928,0.23000000417232513,24614,2197
2653777523665795535,0.20200000703334808,24638,2199
2671811801644433854,0.20399999618530273,24694,2208
2759232871679992227,0.3100000023841858,24704,2210
2711230319662536136,0.30799999833106995,24716,2213
2709544428648815807,0.14000000059604645,24719,2214
2688537345642370190,0.38600000739097595,24911,2234
2730366455640555828,0.21799999475479126,25100,2250
2653983084644489055,0.2619999945163727,25379,2274
2723984070642491124,0.12600000202655792,25399,2275
2626549113655521246,0.17000000178813934,25455,2281
2623920776671575434,0.09600000083446503,25538,2287
2725583616662737475,0.13199999928474426,25550,2289
2679576249638967836,0.3700000047683716,25574,2292
2728688602678988342,0.18000000715255737,25596,2295
2683290545647426606,0.3619999885559082,25602,2297
2762834145676870300,0.3919999897480011,25633,2301
2629185624655877025,0.22200000286102295,25724,2309
2762987667676739422,0.25999999046325684,25929,2328
2672055725648344512,0.12999999523162842,25960,2331
2739783466640637211,0.17800000309944153,25970,2332
2672387691652762104,0.15000000596046448,25978,2334
2724181209651163046,0.11400000005960464,26020,2336
2755818051677657736,0.27000001072883606,26153,2351
2686966799659204121,0.17000000178813934,26177,2353
2744188886682503351,0.23399999737739563,26216,2358
2734067115654338145,0.07599999755620956,26324,2373
2744123841640668412,0.1379999965429306,26342,2374
2673792642640329495,0.3240000009536743,26409,2379
2646718134660631010,0.11599999666213989,26511,2393
2666493289672465233,0.2199999988079071,26524,2396
2665110502671486359,0.25999999046325684,26667,2409
2765363758652526907,0.27000001072883606,26692,2410
2656000840650882098,0.15600000321865082,26807,2426
2725315019649363008,0.3700000047683716,26967,2438
2708271717639097177,0.15000000596046448,27077,2447
2711367555650214505,0.3700000047683716,27122,2451
2751851129643622080,0.29600000381469727,27126,2452
2698360503689421013,0.1120000034570694,27142,2454
2662700287649011364,0.2639999985694885,27173,2457
2756337427661125711,0.25999999046325684,27174,2458
2651058529643652470,0.23399999737739563,27231,2462
2694632891640751289,0.33399999141693115,27252,2463
2752501398676584597,0.20200000703334808,27256,2464
2736169537674603963,0.2199999988079071,27393,2477
2763039138653642018,0.17000000178813934,27396,2478
2761546695651749137,0.3499999940395355,27545,2494
2647459927651787742,0.33000001311302185,27551,2497
2751783490664647515,0.3779999911785126,27561,2498
2760958575651781526,0.24400000274181366,27579,2500
2696253783691179539,0.3240000009536743,27589,2502
2660525278648931257,0.3400000035762787,27596,2504
2753824780654231111,0.2280000001192093,27709,2512
2648887283649299237,0.25,27832,2522
2746622854665188751,0.14000000059604645,27990,2535
2649784625645381619,0.12600000202655792,28080,2541
2718180664640135493,0.17399999499320984,28172,2548
2640675754648715663,0.18199999630451202,28196,2550
2742369998645047708,0.257999986410141,28229,2552
2710160263680648341,0.25600001215934753,28248,2553
2659919426638624010,0.36000001430511475,28435,2567
2757911278682355429,0.2460000067949295,28457,2569
2717105050640026171,0.3400000035762787,28469,2570
2631591702661465477,0.2619999945163727,28485,2572
2643042008646322695,0.30000001192092896,28599,2580
2648502992639874042,0.19599999487400055,28628,2583
2703635676644047821,0.012000000104308128,28710,2592
2664797661644702965,0.17800000309944153,28815,2598
2735686421684341867,0.10000000149011612,28911,2609
2628916067676995779,0.10599999874830246,28940,2614
2653737781662979320,0.2280000001192093,29068,2622
2649624888682763600,0.18000000715255737,29078,2623
2741603697649700551,0.34200000762939453,29189,2636
2715255881651369638,0.28200000524520874,29260,2639
2687637304689682124,0.1379999965429306,29547,2665
2766409967673905188,0.25200000405311584,29553,2666
2692836750651457998,0.18199999630451202,29591,2670
2651489258667246301,0.10599999874830246,29795,2690
2750460908669040286,0.3199999928474426,29845,2694
2711617881688462322,0.3240000009536743,29868,2698
2706288248684794734,0.3479999899864197,29956,2700
2756493843674579666,0.31200000643730164,30009,2702
2713186620645189366,0.17000000178813934,30010,2703
2670118097657079107,0.15000000596046448,30018,2706
2733411857680423066,0.2199999988079071,30113,2714
2640169004657984711,0.28999999165534973,30160,2718
2727436577684708536,0.15199999511241913,30232,2726
2699352521676875556,0.2800000011920929,30270,2730
2767828130667581817,0.11599999666213989,30283,2731
2722253021684624492,0.2199999988079071,30419,2739
2709818290677316222,0.1459999978542328,30539,2750
2713939076677734045,0.1379999965429306,30631,2758
2737923630669111729,0.25999999046325684,30658,2761
2748595521678793501,0.3959999978542328,30676,2762
2749705491645196380,0.4180000126361847,30677,2763
2644640725669604976,0.11599999666213989,30710,2769
2708004795685208592,0.13600000739097595,30799,2779
2725177354667328208,0.2280000001192093,30840,2784
2667349835658169162,0.11599999666213989,30967,2794
2669484014681043482,0.3319999873638153,31026,2798
2655350391654242000,0.3100000023841858,31059,2801
2742168121676805279,0.24799999594688416,31075,2803
2690504731641846430,0.1940000057220459,31104,2806
2652606627653877880,0.3499999940395355,31109,2807
2652650010653885918,0.17000000178813934,31112,2808
2744208194680085556,0.17800000309944153,31235,2818
2755923936667617387,0.28600001335144043,31243,2820
2708281934671755303,0.3400000035762787,31263,2823
2713724038648764905,0.09799999743700027,31296,2825
2765425778670656921,0.23000000417232513,31391,2833
2724345664647410732,0.3319999873638153,31400,2836
2715469169648813887,0.057999998331069946,31472,2848
2661753555665280547,0.2280000001192093,31626,2859
2768097675654072324,0.04399999976158142,31637,2860
2695374151652486343,0.3700000047683716,31701,2863
2756773364650868495,0.23000000417232513,31769,2870
2731985019644420153,0.20200000703334808,31783,2872
2692442664646891626,0.2879999876022339,31895,2882
2753357588650652215,0.12200000137090683,32051,2895
2632926218673353638,0.2619999945163727,32189,2903
2662360046640556605,0.3700000047683716,32281,2913
2737563914684374809,0.25999999046325684,32308,2918
2731690441677564581,0.3700000047683716,32338,2925
2674217989638463783,0.10599999874830246,32392,2929
2736928874652144394,0.25999999046325684,32394,2930
2650422372648163418,0.34599998593330383,32522,2940
2639190184649431344,0.2540000081062317,32618,2948
2638833397650331671,0.3700000047683716,32622,2949
2676865383651849446,0.18000000715255737,32687,2959
2728245259671010749,0.1679999977350235,32721,2963
2756975458652415773,0.12999999523162842,32723,2964
2739515127644535119,0.1599999964237213,32817,2976
2706608306641364294,0.33000001311302185,32905,2987
2680449131658193586,0.257999986410141,32947,2995
2697735282653896173,0.12200000137090683,32968,2998
2635419060665112685,0.18799999356269836,32981,2999
2723136575688120210,0.21400000154972076,33059,3004
2667169999659706161,0.1679999977350235,33076,3007
2676420223642156797,0.2280000001192093,33153,3016
2663120639660589164,0.24799999594688416,33211,3020
2652705636660609149,0.30000001192092896,33477,3046
2694779323659463731,0.1120000034570694,33574,3053
2696799577661296340,0.25200000405311584,33632,3062
2695758290688523837,0.15000000596046448,33820,3080
2689883448688024151,0.36000001430511475,33864,3083
2675906367654815893,0.3100000023841858,33929,3088
2696241640687766043,0.15399999916553497,33992,3092
2758704417654756050,0.2199999988079071,34073,3097
2681091135673884122,0.1120000034570694,34087,3101
2740946905668594044,0.3700000047683716,34229,3110
2711696710684406417,0.3700000047683716,34253,3113
2737923837666994447,0.3959999978542328,34366,3124
2748456768650385415,0.25,34387,3126
2673671085644929133,0.21400000154972076,34704,3152
2737277653671717769,0.36800000071525574,34708,3153
2695636934650708025,0.164000004529953,34928,3169
2656221567680907162,0.2199999988079071,35131,3185
2657212698640813258,0.1379999965429306,35197,3192
2660414533643347902,0.10000000149011612,35240,3194
2766366583648230827,0.2540000081062317,35310,3202
2772801492664390307,0.17000000178813934,35312,3203
2747525692674589092,0.2199999988079071,35380,3213
2709840597656028550,0.28999999165534973,35529,3227
2738585544677897094,0.3100000023841858,35685,3239
2721621679653478485,0.22599999606609344,35687,3240
2663285561647607046,0.33000001311302185,35692,3241
2653458229653056584,0.36399999260902405,35707,3243
2743494273681439360,0.29600000381469727,35843,3258
2667415438682252720,0.12999999523162842,35889,3262
2667192393642304109,0.16599999368190765,35907,3264
2765019199671552191,0.1379999965429306,35932,3267
2754768405679745997,0.1379999965429306,35981,3273
2723141654663696627,0.20999999344348907,36000,3275
2665614096639960606,0.10199999809265137,36054,3277
2678308157674737591,0.10000000149011612,36088,3283
2671788855646744379,0.34200000762939453,36146,3292
2630422639649869904,0.1679999977350235,36203,3297
2743288817682082342,0.4180000126361847,36325,3308
2740691506647569027,0.2199999988079071,36342,3310
2676803480675733034,0.20399999618530273,36475,3327
2668628380652033304,0.1379999965429306,36503,3330
2749934260681144078,0.12600000202655792,36521,3331
2662034827653646381,0.15000000596046448,36536,3332
2684714868647151793,0.3700000047683716,36657,3336
2758258136643829038,0.36800000071525574,36700,3342
2629884940671867929,0.07000000029802322,36941,3353
2708148933640284868,0.3019999861717224,37069,3359
2627979514671420105,0.25999999046325684,37076,3360
2737339923655350836,0.17000000178813934,37124,3363
2715208662649862914,0.057999998331069946,37130,3364
2769590821661963546,0.38999998569488525,37223,3369
2637276250667439184,0.36800000071525574,37396,3379
2653753967651096092,0.2280000001192093,37404,3380
2757394628656744051,0.15800000727176666,37457,3387
2725178080662534067,0.15800000727176666,37480,3392
2655799377682384785,0.0820000022649765,37531,3397
2642121286668032485,0.3799999952316284,37598,3403
2725333752682937469,0.3799999952316284,37683,3410
2658280762681545371,0.17000000178813934,37757,3415
2645417660652869121,0.009999999776482582,37910,3422
2760525911650945726,0.21199999749660492,37929,3424
2700848643663388758,0.30000001192092896,37963,3430
2714172969650449316,0.3799999952316284,37989,3434
2752534144677562182,0.14000000059604645,38247,3446
2704288343644506213,0.1599999964237213,38326,3453
2677197406680587739,0.10599999874830246,38498,3467
2677580659649118426,0.18000000715255737,38499,3468
2735902003686832957,0.18799999356269836,38504,3469
2659122684683452114,0.20000000298023224,38672,3477
2672338427678881185,0.11999999731779099,38757,3483
2637704871652492598,0.17000000178813934,38854,3487
2643590431640031901,0.23000000417232513,38907,3495
2675847221677218438,0.1120000034570694,38962,3502
2632410493659973817,0.15000000596046448,39013,3505
2714832383638441609,0.25200000405311584,39159,3512
2741517880651240498,0.18400000035762787,39281,3521
2646278496639802019,0.36399999260902405,39329,3524
2742274312649028550,0.30399999022483826,39477,3534
2732336248687708325,0.09600000083446503,39481,3536
2635958741645308617,0.20000000298023224,39583,3547
2740598207649403922,0.10400000214576721,39603,3549
2714651757691774379,0.22200000286102295,39750,3564
2657439753662194528,0.2800000011920929,39897,3574
2685548220682879220,0.3799999952316284,39934,3581
2680520016687113151,0.25999999046325684,39953,3582
2683651131683119567,0.08399999886751175,40142,3597
2745310549640270960,0.22200000286102295,40189,3603
2687301041690186182,0.3479999899864197,40301,3611
2688334468662783643,0.30000001192092896,40310,3613
2701860492682434765,0.12800000607967377,40368,3614
2740148187656710980,0.15000000596046448,40369,3615
2764456116662502594,0.18000000715255737,40397,3619
2705721236683553809,0.2199999988079071,40406,3621
2744327488658343396,0.11599999666213989,40529,3629
2753094418644378917,0.3540000021457672,40583,3634
2756531843674320876,0.3659999966621399,40642,3639
2664594540668527407,0.2199999988079071,40648,3641
2696061495643833282,0.09000000357627869,40670,3642
2667146630657320734,0.23399999737739563,40690,3644
2768012310666771253,0.2460000067949295,40745,3647
2640973495657402351,0.21199999749660492,40843,3659
2670065526675582209,0.13199999928474426,40868,3663
2667934315678245759,0.22200000286102295,40891,3665
2666286822677156277,0.3019999861717224,40893,3666
2724925568685637086,0.335999995470047,40965,3672
2641673749675397081,0.3100000023841858,41148,3686
2705842697660143214,0.17000000178813934,41437,3718
2706419829684973931,0.1420000046491623,41451,3720
2648146952671196121,0.05000000074505806,41460,3722
2705972306685232582,0.0820000022649765,41530,3727
2750710484643917673,0.19599999487400055,41673,3741
2692133153679795178,0.257999986410141,41716,3746
2751788720672051092,0.2619999945163727,41890,3758
2748682353662283307,0.3580000102519989,42067,3766
2767080553664383756,0.14000000059604645,42164,3772
2694362976643556910,0.1080000028014183,42184,3776
2634770076664651403,0.30399999022483826,42219,3780
2720848169648561547,0.36399999260902405,42248,3784
2696797606641478162,0.13199999928474426,42329,3793
2712653950680036339,0.35600000619888306,42396,3795
2734692227641593418,0.2639999985694885,42436,3798
2649196522685262573,0.1379999965429306,42469,3801
2699904500648676007,0.11599999666213989,42522,3806
2694951872648129949,0.30000001192092896,42621,3811
2670300236650676553,0.17000000178813934,42927,3841
2648096533684750177,0.18199999630451202,43002,3847
2754578256649993140,0.10999999940395355,43003,3848
2636602561656116037,0.25999999046325684,43009,3850
2738859631684357363,0.20999999344348907,43110,3857
2660704711638892066,0.2619999945163727,43140,3861
2647665704647495133,0.2460000067949295,43274,3872
2671306147638359543,0.2639999985694885,43367,3878
2680754531652390552,0.07400000095367432,43475,3885
2739794768644273232,0.3479999899864197,43482,3886
2721248970642540789,0.25,43618,3894
2770107401648535024,0.3659999966621399,43665,3900
2636482286659050872,0.33000001311302185,43736,3907
2656354535666479368,0.20800000429153442,43806,3912
2661932370655103625,0.3700000047683716,43913,3919
2696437192683179030,0.4320000112056732,43969,3923
2720277417648575298,0.2460000067949295,44067,3929
2714890689647365424,0.33000001311302185,44072,3930
2663803677682471741,0.1379999965429306,44081,3931
2697324675683405746,0.1679999977350235,44111,3934
2752999127666358744,0.3580000102519989,44136,3936
2704212583688551023,0.09799999743700027,44268,3947
2703257679688035644,0.3479999899864197,44271,3948
2757386105675632353,0.07999999821186066,44357,3953
2711257907687014209,0.14000000059604645,44394,3958
2653469620637943514,0.15600000321865082,44396,3959
2706189224661678692,0.23000000417232513,44432,3961
2755806001663741859,0.2980000078678131,44470,3968
2718736368683321559,0.25999999046325684,44521,3970
2714546208683300770,0.18000000715255737,44539,3972
2636387242666999864,0.14000000059604645,44823,3994
2739038354682313764,0.21199999749660492,44836,3996
2763119202674170341,0.13600000739097595,44849,3999
2688711096686728293,0.22200000286102295,44942,4005
2689341152688118520,0.17000000178813934,44954,4006
2757404227655346863,0.31200000643730164,45036,4010
2719777456672898362,0.2619999945163727,45096,4015
2767216399652913906,0.25,45120,4019
2733684402649940918,0.3400000035762787,45255,4032
2736765931673709575,0.2680000066757202,45405,4047
2759170816642296358,0.28999999165534973,45460,4053
2740723162679767587,0.3700000047683716,45574,4060
2743226468681199287,0.335999995470047,45808,4083
2772182177664509029,0.3700000047683716,45815,4084
2681856003651115058,0.1120000034570694,45916,4093
2663136136686139133,0.09799999743700027,45936,4097
2760394759663712637,0.3700000047683716,46028,4103
2645322421638161280,0.1679999977350235,46148,4109
2745432183651997983,0.1340000033378601,46238,4119
2769069005660714100,0.12999999523162842,46260,4120
2665438816647437811,0.3019999861717224,46262,4121
2667657756645779815,0.28999999165534973,46296,4124
2677700281638769978,0.09399999678134918,46342,4129
2633412054650629381,0.15000000596046448,46390,4134
2654573490679848615,0.21799999475479126,46454,4139
2663776569651422532,0.24799999594688416,46548,4152
2675903700651539440,0.10000000149011612,46553,4153
2668499542641670762,0.36800000071525574,46667,4167
2727490533638772690,0.3400000035762787,46823,4183
2631128088649252307,0.335999995470047,46865,4188
2725438921663407989,0.25,46896,4192
2694494248644444790,0.3499999940395355,46973,4204
2760721287647036078,0.25999999046325684,46982,4206
2762670211676547893,0.21799999475479126,46988,4207
2682163602647909319,0.06199999898672104,46994,4208
2625639531672572017,0.32199999690055847,47032,4213
2759144991676705926,0.16200000047683716,47035,4214
2672932098648417161,0.25999999046325684,47130,4223
2669782560643257829,0.02800000086426735,47212,4231
2731550190687398827,0.3479999899864197,47224,4233
2685355982689968124,0.2840000092983246,47343,4241
2735694423655044795,0.27799999713897705,47563,4259
2704713047641046407,0.28999999165534973,47617,4264
2757779951650318518,0.17000000178813934,47674,4270
2655795381648837042,0.25200000405311584,47692,4273
2685793999660005857,0.16200000047683716,47757,4280
2742932903641150218,0.17000000178813934,47798,4284
2713622706639506791,0.15800000727176666,47828,4285
2772352208662258670,0.3240000009536743,47833,4287
2639921005641280697,0.10000000149011612,47862,4288
2760995784647567883,0.33000001311302185,47948,4293
2658556263643920351,0.12800000607967377,48054,4300
2653066946649932893,0.3400000035762787,48108,4303
2657116339684844425,0.14000000059604645,48138,4309
2745113675646580280,0.2199999988079071,48209,4315
2756416017643251107,0.22599999606609344,48255,4319
2744492496667493876,0.13199999928474426,48290,4324
2748206190678541039,0.2619999945163727,48436,4340
2748586940647341335,0.20399999618530273,48447,4341
2727946259650281843,0.14000000059604645,48511,4347
2759203739648877770,0.2800000011920929,48531,4348
2654205064643544166,0.11800000071525574,48542,4350
2651936330658509117,0.3479999899864197,48547,4351
2764904504653624330,0.2199999988079071,48552,4353
2748219150664464981,0.28999999165534973,48589,4356
2643688935654241087,0.15199999511241913,48623,4362
2717323273639188183,0.11999999731779099,48636,4363
2759866714652596342,0.10000000149011612,48662,4365
2724712252670535036,0.1120000034570694,48696,4372
2655104252657938886,0.1720000058412552,48799,4383
2762715545652845012,0.1720000058412552,48935,4388
2744593856647927868,0.27000001072883606,48951,4390
2656101821672957347,0.10000000149011612,48952,4391
2643727743676791598,0.2879999876022339,49084,4404
2656116025672860371,0.07800000160932541,49137,4409
2679746852646346421,0.20999999344348907,49224,4420
2703641708645398344,0.3100000023841858,49236,4422
2676773836679578257,0.3400000035762787,49250,4424
2714563681645559942,0.3700000047683716,49331,4427
2649638339644547089,0.0820000022649765,49341,4429
2678690540650804643,0.05000000074505806,49350,4431
2714780619648083952,0.3779999911785126,49354,4433
2725154160644988564,0.14000000059604645,49527,4447
2648352179652350104,0.1340000033378601,49561,4450
2697590290641013269,0.18799999356269836,49607,4455
2738749476648902206,0.492000013589859,49635,4459
2725754381657116176,0.17000000178813934,49774,4464
2733562601667182033,0.25999999046325684,49824,4467
2634688107646585906,0.3700000047683716,49862,4470
2668651034662951805,0.3700000047683716,49880,4474
2668137072662956435,0.10999999940395355,49924,4476
2754425151682232797,0.25200000405311584,49945,4477
2735246197685244766,0.257999986410141,49959,4480
2716362379678037700,0.06800000369548798,50038,4489
2690725645682210838,0.3319999873638153,50063,4493
2733069976687814850,0.257999986410141,50128,4501
2626688199652121248,0.257999986410141,50144,4502
2728109987646958140,0.12800000607967377,50273,4515
2754151939675409142,0.4180000126361847,50348,4519
2648332247640626588,0.13199999928474426,50359,4520
2686755552648756022,0.3659999966621399,50389,4523
2718320462678353223,0.2759999930858612,50423,4527
2750668081659257310,0.25600001215934753,50505,4533
2728421875673209435,0.3720000088214874,50507,4534
2723685470683910547,0.23000000417232513,50585,4537
2713051019670383296,0.25,50620,4539
2627165264657360848,0.23000000417232513,50650,4542
2671629667658480331,0.27000001072883606,50673,4543
2661749514659187600,0.3400000035762787,50679,4544
2688115752689874789,0.1420000046491623,50822,4550
2768912625663756409,0.36800000071525574,50983,4558
2689695394690970719,0.06400000303983688,51042,4562
2630117144658728469,0.23199999332427979,51426,4596
2746832467658965036,0.41999998688697815,51441,4599
2679481368686298111,0.04800000041723251,51557,4611
2750990067675704876,0.14000000059604645,51586,4613
2649816605683353311,0.3019999861717224,51618,4616
2649098568662712320,0.10000000149011612,51638,4617
2765637578667115189,0.2639999985694885,51780,4627
2743099067670370898,0.36399999260902405,51868,4634
2645960681670876254,0.05000000074505806,51879,4636
2713587462677433481,0.2919999957084656,51920,4639
2724366907684689043,0.2199999988079071,51930,4641
2665031089678954870,0.20000000298023224,52031,4651
2728016828638321973,0.25,52224,4665
2723211675679890181,0.4320000112056732,52281,4668
2746987985662192926,0.14399999380111694,52504,4688
2767440769669876316,0.1720000058412552,52575,4696
2726272221647364011,0.2759999930858612,52619,4699
2732210629656426512,0.18199999630451202,52637,4700
2691675295641369402,0.2199999988079071,52651,4702
2746383757661991585,0.1720000058412552,52663,4703
2661914568664309102,0.3580000102519989,52689,4707
2649920279684060088,0.16599999368190765,52773,4717
2697823957643022954,0.11400000005960464,52809,4722
2677027793664339946,0.1679999977350235,52842,4728
2632185644655863494,0.28999999165534973,52875,4730
2631870836654726576,0.23000000417232513,52931,4733
2704730807642255698,0.3540000021457672,52954,4734
2726331169639170511,0.32199999690055847,53153,4750
2726237492639367903,0.3720000088214874,53164,4751
2712996791673548869,0.10000000149011612,53179,4752
2761824145665055154,0.0820000022649765,53183,4753
2633211747671788235,0.15600000321865082,53279,4763
2663943006639559723,0.04600000008940697,53402,4774
2687645766691762852,0.18000000715255737,53454,4776
2717571805689252703,0.2800000011920929,53463,4777
2643593766644629027,0.1899999976158142,53501,4779
2643246526684421690,0.15000000596046448,53521,4781
2742974581637839901,0.30799999833106995,53583,4788
2739154150643778692,0.02800000086426735,53681,4798
2741414643653189482,0.17000000178813934,53704,4801
2731906587643286068,0.1720000058412552,53816,4811
2677506491637584396,0.14800000190734863,53840,4815
2661799939662645114,0.3179999887943268,53961,4827
2721316479686655305,0.1940000057220459,54050,4834
2662244998653828760,0.34200000762939453,54063,4835
2682129775657001859,0.15800000727176666,54077,4837
2677946436637808567,0.07000000029802322,54102,4840
2662112167655569894,0.30000001192092896,54123,4842
2664651062659202739,0.17000000178813934,54144,4844
2730078044652570307,0.10999999940395355,54177,4847
2691867845685013914,0.1599999964237213,54254,4854
2687021496653911960,0.18000000715255737,54326,4861
2662653363655949324,0.22200000286102295,54337,4862
2724960703652940512,0.23000000417232513,54392,4868
2722953605655916890,0.3100000023841858,54423,4872
2664381759681986868,0.3580000102519989,54431,4873
2726287242651918676,0.07000000029802322,54526,4878
2654307626638198629,0.35199999809265137,54575,4883
2740305311675479777,0.3700000047683716,54589,4886
2742961428675064364,0.3619999885559082,54597,4887
2700133954686640182,0.3659999966621399,54623,4889
2663104603683269574,0.07199999690055847,54696,4894
2738292952683745490,0.2919999957084656,54791,4898
2729024648672439461,0.25,54825,4904
2672278008655156240,0.21400000154972076,54834,4906
2696499990660158006,0.25,54837,4907
2715542865683141042,0.36800000071525574,54935,4916
2638508448677308981,0.2199999988079071,54939,4917
2682677349675029432,0.25,55176,4932
2733108509682906039,0.28600001335144043,55225,4933
2640098033669709850,0.15600000321865082,55331,4939
2665571402668950845,0.33000001311302185,55341,4942
2739874404668011387,0.1379999965429306,55468,4954
2717476408655475702,0.25,55506,4959
2648245638675501082,0.0860000029206276,55756,4968
2737615744680108413,0.23000000417232513,55774,4969
2685676415643552441,0.36399999260902405,55886,4980
2710257415657093043,0.164000004529953,55912,4982
2739614012664782089,0.11400000005960464,55923,4984
2663067997683892171,0.17800000309944153,55994,4988
2765919013650812739,0.25,55998,4989
2677867958641617566,0.20800000429153442,56049,4994
2763896841648916872,0.30799999833106995,56091,4999
2656942437641263359,0.07999999821186066,56254,5012
2630204815668759409,0.10000000149011612,56260,5013
2746182457653408447,0.2280000001192093,56305,5016
2761514568678810755,0.1979999989271164,56676,5050
2674365415652526274,0.22200000286102295,56792,5061
2655640205679193436,0.17399999499320984,56829,5066
2664485622646678643,0.15000000596046448,57007,5079
2660317666651900675,0.10000000149011612,57133,5094
2684323193648286844,0.10599999874830246,57239,5101
2751849134652475670,0.3240000009536743,57263,5106
2741589798648701329,0.3100000023841858,57271,5107
2679157264686176791,0.20800000429153442,57279,5108
2662969572652085854,0.22599999606609344,57397,5114
2763951386672733040,0.2980000078678131,57400,5115
2741972202683013691,0.2199999988079071,57404,5116
2731386608640685088,0.2879999876022339,57546,5129
2662723982674791604,0.20200000703334808,57594,5132
2682935842689146017,0.3140000104904175,57639,5136
2691100652677863493,0.11400000005960464,57830,5154
2631731273675595395,0.1599999964237213,57881,5158
2742358122640029713,0.2980000078678131,57930,5161
2668397007640403255,0.2199999988079071,58046,5172
2744866054683392901,0.029999999329447746,58053,5174
2755743272658580891,0.27000001072883606,58163,5182
2673207311639181558,0.30000001192092896,58175,5184
2647981904660537287,0.27799999713897705,58179,5185
2771459131663013195,0.25200000405311584,58295,5193
2642426560652328134,0.3700000047683716,58372,5200
2665928026652588146,0.25999999046325684,58482,5215
2654374497648386394,0.10999999940395355,58503,5218
2757289607647590269,0.4300000071525574,58521,5219
2678096073684488135,0.35199999809265137,58542,5220
2674808943679717038,0.30799999833106995,58602,5223
2650040687641990333,0.28999999165534973,58661,5228
2665690843651552267,0.26600000262260437,58693,5232
2691969213641071736,0.3319999873638153,58753,5235
2651685624666249809,0.2980000078678131,58759,5236
2751029451677206568,0.21799999475479126,58805,5239
2752384132678714945,0.28999999165534973,58862,5245
2659640459683786431,0.17599999904632568,58919,5249
2644781682639103139,0.2619999945163727,59028,5261
2665405004650315396,0.10999999940395355,59063,5266
2755505471659935672,0.4300000071525574,59069,5267
2650490203650209231,0.24199999868869781,59136,5272
2660716259685801864,0.10400000214576721,59224,5279
2677477935682045397,0.3400000035762787,59320,5285
2762965927652257100,0.25999999046325684,59433,5289
2646820256651735228,0.30000001192092896,59527,5297
2638336219652146372,0.29600000381469727,59661,5309
2635456707647356294,0.16599999368190765,59747,5320
2653650656682594618,0.17000000178813934,59836,5329
2735579307649770242,0.20600000023841858,59876,5335
2698585808638785010,0.30000001192092896,59914,5340
2676339437648930215,0.05000000074505806,59955,5343
2639630729671646987,0.07000000029802322,59999,5345
2751273262660068494,0.11400000005960464,60017,5347
2717915726641203860,0.31200000643730164,60212,5364
2634679182647260431,0.3179999887943268,60220,5367
2752893912654947320,0.18199999630451202,60249,5370
2649848774640743100,0.10599999874830246,60335,5377
2755627034655360187,0.22200000286102295,60421,5387
2733998547683938008,0.257999986410141,60477,5394
2717928043657611078,0.15399999916553497,60526,5396
2653002739639985885,0.12399999797344208,60575,5398
2628498422660645320,0.36800000071525574,60580,5399
2688353236648724203,0.25,60616,5403
2734542080686107469,0.35600000619888306,60622,5405
2766437744659386480,0.23800000548362732,60688,5410
2690624643647223302,0.1080000028014183,60760,5419
2760188461672437128,0.25999999046325684,60803,5423
2751289322661214351,0.2980000078678131,60844,5424
2668346318677493903,0.30799999833106995,60874,5426
2685767826683195467,0.24400000274181366,60938,5431
2711852652643847515,0.41999998688697815,60979,5435
2654999952663727281,0.3799999952316284,61018,5438
2661756767659525368,0.28999999165534973,61073,5441
2746390700640007768,0.25200000405311584,61096,5445
2660470803659211669,0.2919999957084656,61260,5463
2671612607684109960,0.029999999329447746,61341,5469
2745761010669832999,0.34200000762939453,61436,5476
2670142280675035967,0.2199999988079071,61880,5506
2715654703663707242,0.42800000309944153,61896,5509
2694454817681017078,0.40799999237060547,61918,5512
2693035077672664738,0.257999986410141,61982,5521
2665538787677111146,0.30000001192092896,61988,5523
2723266869686112689,0.15000000596046448,62031,5526
2732569711679169751,0.1720000058412552,62042,5527
2763887688670355118,0.25,62329,5549
2761684742670641883,0.25,62341,5552
2742577520670904763,0.2199999988079071,62452,5562
2752342937644620091,0.08399999886751175,62467,5565
2659072762654204133,0.2800000011920929,62485,5568
2697181066658487125,0.2460000067949295,62511,5572
2724727008684698640,0.1379999965429306,62565,5575
2647953233661282522,0.012000000104308128,62611,5580
2636950890670712839,0.17000000178813934,62627,5584
2722457508680588079,0.3059999942779541,62784,5595
2651271264655301139,0.2199999988079071,62811,5596
2674361497657054776,0.10599999874830246,62891,5604
2696297664643367062,0.029999999329447746,63118,5620
2698584969648057033,0.3100000023841858,63204,5624
2725059546638903515,0.23000000417232513,63419,5640
2669791012677455625,0.2759999930858612,63531,5646
2653951684673893965,0.21199999749660492,63728,5658
2736567454656797130,0.3100000023841858,63827,5669
2736808197657084363,0.30000001192092896,63839,5670
2636884733673152967,0.34200000762939453,63904,5677
2646446231684474085,0.2199999988079071,63911,5678
2754592026648843704,0.1379999965429306,63952,5682
2659755207640168474,0.257999986410141,63962,5683
2751818405650643104,0.2199999988079071,63994,5688
2639136436672901952,0.3179999887943268,64001,5689
2740456854685503900,0.3319999873638153,64016,5690
2754785777650554449,0.23000000417232513,64035,5692
2706275127642647662,0.1459999978542328,64163,5703
2637766788650801757,0.23199999332427979,64192,5706
2639032378649677838,0.3100000023841858,64228,5707
2641336943663286080,0.20000000298023224,64342,5717
2693197164685080525,0.0860000029206276,64619,5746
2675699650642041556,0.2800000011920929,64674,5752
2680463907659428915,0.2980000078678131,64704,5756
2660856734687671591,0.21799999475479126,64710,5757
2732361162651835414,0.02199999988079071,64727,5758
2720641579647099656,0.17000000178813934,64787,5767
2687739816671062308,0.1599999964237213,64870,5772
2729183025653216948,0.24400000274181366,65026,5786
2729133420651854495,0.2980000078678131,65126,5792
2721654600653795181,0.39800000190734863,65152,5795
2665435622661112096,0.3700000047683716,65169,5799
2733615869660298316,0.25,65209,5802
2750565990667368901,0.10199999809265137,65238,5804
2733637737682757606,0.21199999749660492,65249,5806
2769228464666769375,0.3479999899864197,65291,5811
2654969634660734993,0.1379999965429306,65341,5815
2744836314656219458,0.257999986410141,65407,5824
2759522674675900774,0.3799999952316284,65454,5828
2754024144662021302,0.33000001311302185,65516,5837
2632175866668685482,0.3179999887943268,65519,5838
2688812809686893867,0.25999999046325684,65683,5851
2759505169654073712,0.23000000417232513,65769,5858
2739157908681720144,0.42800000309944153,65784,5860
2739418584666354001,0.21799999475479126,65947,5877
2663219033670709034,0.3100000023841858,66051,5884
2738647541667431784,0.18199999630451202,66075,5886
2652341512671189965,0.07400000095367432,66107,5888
2684043035656178829,0.28999999165534973,66108,5889
2638063291674897257,0.28600001335144043,66227,5903
2628626444671018149,0.21799999475479126,66268,5906
2657605722639197536,0.2199999988079071,66473,5924
2646263768638634657,0.11800000071525574,66507,5926
2713568962658589098,0.257999986410141,66623,5933
2762116071647966095,0.30399999022483826,66755,5944
2684243672663879222,0.2680000066757202,66824,5950
2712273623690927512,0.257999986410141,66838,5953
2713873009690543951,0.28999999165534973,66842,5954
2712930128655476720,0.23000000417232513,66976,5965
2654224676639542523,0.17800000309944153,67030,5969
2749317075675530255,0.3440000116825104,67092,5979
2686753826650453014,0.25600001215934753,67095,5980
2625951559654957896,0.1940000057220459,67185,5987
2668858851643836188,0.25,67201,5989
2730510562688554879,0.17000000178813934,67318,6000
2721050293652546455,0.20399999618530273,67450,6013
2680269093640161735,0.07999999821186066,67557,6024
2741689466683158512,0.30000001192092896,67567,6027
2648607610637573254,0.3659999966621399,67611,6031
2670835769651671156,0.34200000762939453,67682,6038
2743255120684034168,0.257999986410141,67823,6049
2763314808673466540,0.20000000298023224,67825,6050
2667644165639140626,0.36399999260902405,67827,6051
2631158822648891449,0.2619999945163727,67944,6060
2692078855678662303,0.1120000034570694,67964,6063
2670028407642920399,0.34599998593330383,68011,6068
2655268109646617039,0.2800000011920929,68013,6069
2731461703640268086,0.1599999964237213,68080,6075
2755470239681139060,0.27000001072883606,68126,6080
2732584330640220111,0.257999986410141,68169,6084
2690887502639589726,0.3700000047683716,68215,6086
2660273222646877808,0.3100000023841858,68236,6088
2741797483683235035,0.3700000047683716,68317,6100
2740149853687109899,0.3700000047683716,68373,6103
2739682227686496913,0.18000000715255737,68420,6106
2750239769676940156,0.1379999965429306,68459,6112
2627984215673714897,0.12800000607967377,68624,6133
2742908457682824110,0.22200000286102295,68625,6134
2689569529639992208,0.1599999964237213,68798,6147
2670611105640836597,0.12800000607967377,68830,6151
2662166809647222384,0.3580000102519989,68875,6158
2744129226642687074,0.029999999329447746,68936,6161
2750893425676286467,0.1860000044107437,68944,6163
2650514943657784586,0.15199999511241913,68961,6165
2736527181674042261,0.14000000059604645,68964,6166
2652279446641951306,0.10000000149011612,69026,6172
2751138308653000367,0.21199999749660492,69118,6182
2712726686640201003,0.10000000149011612,69149,6185
2725060844683022765,0.36399999260902405,69409,6204
2757650784670744786,0.2460000067949295,69453,6208
2752559703669502840,0.257999986410141,69517,6212
2745375295643547406,0.22200000286102295,69544,6214
2679834156646906932,0.30000001192092896,69613,6221
2699594713661515172,0.23000000417232513,69663,6226
2721533577671091006,0.25,69783,6233
2655832444682186801,0.34599998593330383,69971,6243
2664061991650701817,0.11400000005960464,70039,6250
2651195122649396909,0.1379999965429306,70162,6256
2744602511644498961,0.2800000011920929,70244,6260
2690728037683339500,0.10999999940395355,70412,6272
2648713308652906422,0.11999999731779099,70688,6295
2677546417682593071,0.07199999690055847,70857,6311
2692170020682816259,0.15199999511241913,70895,6315
2724130808644490277,0.23199999332427979,71097,6322
2752552068655131770,0.49399998784065247,71123,6328
2748725908659667271,0.25999999046325684,71155,6332
2731937985687879423,0.18799999356269836,71208,6337
2640876110671528740,0.2199999988079071,71307,6342
2666659973665481973,0.10999999940395355,71611,6375
2746924307673079465,0.2280000001192093,71689,6380
2641542341658275330,0.36399999260902405,71767,6385
2769167989674302117,0.20000000298023224,71784,6387
2651296610638876525,0.12399999797344208,71831,6392
2728720404684696800,0.18000000715255737,71833,6393
2665368948686712944,0.23000000417232513,71880,6398
2689347831689045801,0.17000000178813934,71932,6401
2659561219656701744,0.35600000619888306,71968,6405
2631486113657455193,0.05000000074505806,72012,6409
2670819069657229219,0.2540000081062317,72335,6441
2664425600676952048,0.23199999332427979,72360,6444
2692960812690624577,0.07199999690055847,72388,6445
2663103689678040104,0.2619999945163727,72408,6447
2642974072657139317,0.05000000074505806,72488,6455
2673550715658544126,0.3700000047683716,72564,6464
2744147687669133608,0.23199999332427979,72579,6466
2756179705675847817,0.2800000011920929,72627,6472
2671596284660430871,0.38999998569488525,72641,6475
2691193384679867128,0.06800000369548798,72649,6476
2723655845686161955,0.20800000429153442,72761,6485
2707736430685041026,0.20999999344348907,72803,6486
2696369416678527596,0.25,72836,6491
2736199535678829130,0.3019999861717224,72841,6493
2762002531670336983,0.3619999885559082,72884,6495
2728266401637655138,0.36800000071525574,72951,6500
2708504313660137196,0.25200000405311584,72979,6503
2759222932670806113,0.14000000059604645,73057,6509
2706082856675807703,0.10000000149011612,73163,6513
2694152130665826151,0.3659999966621399,73216,6520
2661612334679045244,0.14000000059604645,73304,6527
2682736004680466130,0.1379999965429306,73346,6529
2768245361653807945,0.2199999988079071,73534,6548
2670996077687512555,0.08399999886751175,73633,6563
2768346904664740771,0.21400000154972076,73682,6568
2633227217669352855,0.10400000214576721,73698,6569
2703810005649280476,0.09200000017881393,73727,6572
2633603936655517390,0.20999999344348907,73980,6588
2693692821647588723,0.07800000160932541,74017,6592
2704847839648129060,0.3659999966621399,74207,6606
2723003049640204674,0.3720000088214874,74233,6608
2642713871645181879,0.10999999940395355,74250,6611
2730398315676311640,0.3160000145435333,74486,6637
2745454463638252635,0.3720000088214874,74623,6648
2718639379690070927,0.10400000214576721,74628,6649
2709484075641741660,0.40400001406669617,74839,6673
2737757512644863176,0.1379999965429306,75257,6698
2723672033687737183,0.257999986410141,75413,6715
2668819151659160896,0.10000000149011612,75556,6729
2656697913638193486,0.1379999965429306,75564,6730
2664308391683099112,0.1080000028014183,75693,6738
2698002658687328510,0.23000000417232513,75701,6739
2663888375681688582,0.2980000078678131,75766,6742
2762711279654689036,0.18799999356269836,75843,6756
2759419088655080539,0.35199999809265137,75875,6759
2664851307682359653,0.22200000286102295,75896,6762
2754132652663269378,0.44200000166893005,75943,6764
2763562111654558295,0.20800000429153442,75982,6769
2641964193677560233,0.0860000029206276,75985,6771
2638783362677531218,0.08799999952316284,76131,6782
2759290566655027419,0.1599999964237213,76162,6787
2666209835655078266,0.3700000047683716,76224,6792
2647141948658400927,0.4000000059604645,76312,6800
2737168870661046132,0.23000000417232513,76371,6805
2647443191679320827,0.23800000548362732,76394,6809
2743404835655843733,0.13199999928474426,76462,6819
2672386705663268606,0.1379999965429306,76790,6842
2757500264642841941,0.14000000059604645,77084,6858
2657961946642036035,0.2199999988079071,77310,6873
2656645522641813068,0.10999999940395355,77322,6875
2667315549646764147,0.1899999976158142,77355,6879
2673694843646182637,0.27000001072883606,77357,6880
2655560737638873395,0.17000000178813934,77390,6884
2665772169685895871,0.2160000056028366,77443,6888
2727503282643086013,0.2980000078678131,77485,6891
2626990047669411953,0.06199999898672104,77540,6895
2692675538644575997,0.3700000047683716,77719,6904
2680667591639563186,0.03400000184774399,77803,6915
2745531458674471854,0.41999998688697815,77808,6917
2711840571654049371,0.23000000417232513,77989,6932
2765674549656840795,0.31200000643730164,78331,6960
2671481444682484548,0.25999999046325684,78379,6966
2674603406651933603,0.33000001311302185,78661,6987
2661103899675105882,0.3479999899864197,78848,6999
2653368237647672053,0.15600000321865082,78880,7003
2743896653639996511,0.3019999861717224,78892,7006
2759459768678607716,0.20200000703334808,78919,7010
2627830090650621052,0.2460000067949295,78996,7016
2675906604639946048,0.07000000029802322,79263,7038
2703402033653206427,0.25,79297,7042
2630026271676790820,0.15000000596046448,79326,7047
2641104249649335809,0.3700000047683716,79561,7066
2712353703640482733,0.21400000154972076,79576,7069
2723380228650170819,0.3440000116825104,79679,7077
2698966422661985094,0.09200000017881393,79692,7078
2705656307638946359,0.17000000178813934,79839,7090
2656977234673041168,0.07000000029802322,80031,7101
2657667014647835920,0.33000001311302185,80171,7115
2749400029648559835,0.24799999594688416,80273,7122
2723397089657649621,0.10000000149011612,80279,7123
2646803094641046911,0.10999999940395355,80282,7124
2694890998638751366,0.13600000739097595,80357,7130
2751853810670909398,0.28999999165534973,80453,7139
2643608607677171957,0.07999999821186066,80456,7140
2643176435682618001,0.20800000429153442,80480,7141
2700083271639039832,0.2879999876022339,80499,7143
2724061335644922851,0.2460000067949295,80502,7144
2642640854648070132,0.12200000137090683,80522,7148
2690420213682020183,0.257999986410141,80574,7157
2697309683640865744,0.4180000126361847,80686,7164
2627591444660791529,0.2680000066757202,80718,7166
2747227952645330536,0.25200000405311584,80772,7171
2636797133652009514,0.2980000078678131,80778,7172
2632102641660021963,0.12600000202655792,80834,7175
2642100797671228631,0.2619999945163727,80854,7176
2709224395679857835,0.2720000147819519,80856,7177
2719473759637843736,0.21799999475479126,80908,7182
2726145917656474621,0.1599999964237213,80960,7191
2639374574681666384,0.1379999965429306,81023,7196
2743118609649338452,0.3700000047683716,81054,7200
2743859566644693414,0.2879999876022339,81096,7203
2708288207681157654,0.25999999046325684,81192,7209
2674161504682629219,0.3700000047683716,81248,7217
2736473773688100146,0.25600001215934753,81502,7231
2736861882687087819,0.25999999046325684,81511,7234
2691050723681568554,0.4180000126361847,81513,7235
2755055954682460345,0.1940000057220459,81567,7242
2634817889657347091,0.2879999876022339,81594,7243
2729364229646432207,0.05000000074505806,81743,7260
2749751890642534965,0.25999999046325684,81755,7261
2668815556674275454,0.164000004529953,81886,7272
2626922279673800719,0.18799999356269836,81970,7279
2668237255674323554,0.14000000059604645,82058,7287
2668555975688108536,0.30399999022483826,82094,7292
2665406458689189701,0.2280000001192093,82104,7293
2747000444671250387,0.39800000190734863,82192,7301
2752952734674587636,0.36800000071525574,82209,7304
2724989111684215135,0.04600000008940697,82242,7307
2698631673679040624,0.28999999165534973,82495,7325
2752466758675069808,0.1120000034570694,82510,7329
2687857862689259986,0.07000000029802322,82524,7332
2669767504686924423,0.1860000044107437,82560,7335
2660255199668896156,0.28999999165534973,82963,7367
2671765866656688810,0.21799999475479126,82973,7369
2664293155677846760,0.20000000298023224,83015,7377
2661921684667448984,0.2759999930858612,83025,7379
2671180709687975478,0.0560000017285347,83383,7410
2689296881671534037,0.24799999594688416,83413,7416
2763420236666827302,0.41999998688697815,83432,7419
2666349133657358863,0.28999999165534973,83606,7439
2668560394680636515,0.10000000149011612,83689,7445
2658220266670282837,0.15199999511241913,83700,7446
2709122254673995851,0.02800000086426735,83705,7448
2659399780670440887,0.17000000178813934,83769,7455
2651563434654182720,0.12399999797344208,83812,7459
2661868322681047547,0.23800000548362732,83825,7461
2732159731682175711,0.25999999046325684,83921,7468
2680308906673210653,0.10000000149011612,83926,7470
2728970462683681193,0.18199999630451202,83952,7473
2754316469650660292,0.6700000166893005,84278,7502
2680294771652620125,0.5740000009536743,84553,7529
2742778692675765780,0.5199999809265137,84886,7558
2653761323670618378,0.5099999904632568,85371,7606
2749748711650429649,0.671999990940094,85418,7613
2757269119661686684,0.5400000214576721,85875,7659
2631699379672055614,0.5299999713897705,86296,7704
2669919683652158225,0.5659999847412109,86666,7744
2689510699645201997,0.5299999713897705,86864,7764
2736284393649171483,0.6700000166893005,86895,7766
2757568178669178286,0.5559999942779541,87096,7792
2624787284651733944,0.5019999742507935,87728,7841
2663924524687176536,0.5339999794960022,88014,7871
2746313229661190243,0.5299999713897705,88323,7894
2749809068672275128,0.5699999928474426,88745,7944
2757197432650393416,0.6000000238418579,89107,7981
2729288085678262378,0.5320000052452087,89333,8009
2672743328661867346,0.5139999985694885,90367,8120
2667074716642947854,0.527999997138977,90933,8177
2667484563640734157,0.5960000157356262,91643,8238
2752464854665307685,0.5080000162124634,92170,8290
2647718247651390335,0.5360000133514404,92382,8305
2627535723652331682,0.5260000228881836,92644,8337
2731473093679623305,0.5860000252723694,93252,8402
2672365907687583099,0.5080000162124634,93412,8424
2638306009655323307,0.5019999742507935,94046,8491
2732320752653212604,0.5379999876022339,94475,8530
2645575971658044973,0.5400000214576721,94660,8549
2702839632687588097,0.5400000214576721,94752,8556
2637690436677799339,0.5180000066757202,94801,8565
2669424106654162679,0.6439999938011169,94956,8583
2740141957673206429,0.6679999828338623,95227,8617
2646575088665870596,0.5680000185966492,95260,8621
2752814976658077403,0.5759999752044678,96290,8728
2726793312657348180,0.5899999737739563,96812,8779
2741080506666251654,0.5180000066757202,96925,8789
2726538697645224054,0.5299999713897705,97052,8809
2677327752677322070,0.5019999742507935,97589,8864
2702326550683632363,0.5180000066757202,97725,8874
2649992973666521503,0.5680000185966492,97780,8880
2711209638661115091,0.5040000081062317,98332,8929
2748175904662302683,0.5699999928474426,98727,8969
2660521534640762347,0.6579999923706055,99071,9010
2763056546675485513,0.5479999780654907,99664,9061
2684871079680713918,0.5799999833106995,99989,9092
2650742271680217018,0.5299999713897705,100110,9113
2686826005651007926,0.6520000100135803,100502,9152
2743697311647698253,0.6019999980926514,100768,9176
2670898180640469114,0.5400000214576721,100931,9199
2754827675640503412,0.5619999766349792,100975,9201
2710141475640090844,0.5799999833106995,101134,9216
2727723168650062079,0.5419999957084656,101460,9246
2668351451652528678,0.5440000295639038,101568,9260
2758666726650930843,0.5099999904632568,101653,9266
2652029063673684205,0.5720000267028809,101727,9274
2650202570666135428,0.5920000076293945,102070,9316
2734489678685626024,0.5860000252723694,102423,9346
2744326776639436771,0.6980000138282776,102591,9368
2741795890669506780,0.527999997138977,102765,9384
2747760387669483173,0.5099999904632568,102788,9387
2712506270676060242,0.5199999809265137,102824,9392
2644564397673896902,0.5600000023841858,102986,9405
2695470247684598441,0.5400000214576721,102991,9407
2678146072680955875,0.5180000066757202,103453,9465
2765698072669020149,0.5099999904632568,103572,9474
2676438039641643714,0.5299999713897705,104371,9533
2768481627650607992,0.5320000052452087,105206,9601
2630511913668934665,0.5960000157356262,105230,9604
2715294709643129887,0.5239999890327454,105955,9672
2758591252677133499,0.5040000081062317,106141,9690
2642844737653609965,0.5059999823570251,106168,9694
2742017583642833786,0.5479999780654907,106540,9736
2639548141668487925,0.5640000104904175,106585,9742
2720715884640081529,0.5120000243186951,106646,9747
2662800864649440726,0.515999972820282,106848,9766
2736257997649456092,0.5379999876022339,106974,9783
2754866242653818171,0.5080000162124634,106989,9787
2707358187644756413,0.6620000004768372,107237,9805
2724441308644248337,0.5400000214576721,107257,9807
2641972397675993646,0.515999972820282,107683,9853
2761283467669940753,0.5040000081062317,107798,9863
2745433511668877517,0.5099999904632568,107990,9883
2732902440646095763,0.515999972820282,108647,9949
2662109301639382067,0.5080000162124634,108822,9967
2738827035654540824,0.5299999713897705,109707,10032
2739392675668632403,0.5139999985694885,109852,10049
2714616252647082426,0.6840000152587891,110131,10075
2768404807649675601,0.5680000185966492,110204,10085
2677880744675916693,0.5199999809265137,110444,10106
2734248080654675917,0.6600000262260437,110818,10145
2623988123672750149,0.5120000243186951,110838,10147
2660592719643384389,0.5180000066757202,111712,10212
2748501857658601465,0.5640000104904175,111760,10220
2723573150645892222,0.5080000162124634,112061,10249
2705964163683300036,0.5699999928474426,112500,10288
2646479414674933169,0.5479999780654907,112820,10315
2695701646686046172,0.515999972820282,112828,10316
2715228038687850929,0.5180000066757202,112835,10317
2635712143669486394,0.5059999823570251,113272,10344
2648996386674848591,0.5580000281333923,114689,10480
2662580223684122641,0.5820000171661377,114930,10505
2774263389664151886,0.5479999780654907,114998,10512
2708137061661991608,0.5199999809265137,115048,10518
2654836655645318203,0.5120000243186951,115163,10527
2698092015639245547,0.5199999809265137,116238,10616
2710276805638873069,0.5080000162124634,116270,10622
2645410860645450786,0.5180000066757202,116545,10654
2637278477644216434,0.5120000243186951,116861,10680
2644194639672845505,0.5040000081062317,116899,10681
2679065424667236049,0.6039999723434448,118273,10791
2678698235662254619,0.5799999833106995,118475,10811
2756996623653031664,0.5580000281333923,118559,10819
2661680055681624348,0.6660000085830688,118942,10855
2644194416659603408,0.5320000052452087,119405,10892
2635704500675691017,0.5260000228881836,119435,10901
2644922490665376182,0.5220000147819519,119611,10912
2645099672666443899,0.5720000267028809,119662,10919
2713311629689785591,0.5540000200271606,119798,10932
2755534950678579893,0.5899999737739563,120108,10950
2708381271639375956,0.5979999899864197,121037,11033
2717943173651401644,0.5120000243186951,121889,11115
2638528827679217574,0.515999972820282,122062,11141
2720001812684906078,0.5580000281333923,122312,11165
2688794840669255736,0.5699999928474426,122410,11174
2731191877664007380,0.5580000281333923,122786,11205
2755430895667448003,0.5239999890327454,122794,11207
2674598393649348048,0.8479999899864197,123078,11230
2751416777667363739,0.8019999861717224,123317,11254
2706670334657739395,0.7519999742507935,123545,11276
2686852091679748381,0.7400000095367432,123553,11279
2713736749664099555,0.7599999904632568,123640,11285
2627276896671006787,0.7099999785423279,123945,11315
2715624118642052835,0.7200000286102295,124229,11342
2662140353638713721,0.7020000219345093,124634,11376
2658608224678054109,0.7720000147819519,125346,11440
2660350437672187516,0.7279999852180481,125418,11447
2746693915677183914,0.7799999713897705,125472,11452
2755013725649611674,0.7360000014305115,125606,11475
2752296047648553570,0.7200000286102295,125787,11494
2732390509670497957,0.7020000219345093,125844,11498
2673068275644335309,0.7239999771118164,126319,11543
2764046822647908360,0.8500000238418579,126426,11555
2655830244652666580,0.7200000286102295,126700,11584
2632043309676551172,0.7200000286102295,126819,11602
2746246062682184582,0.7720000147819519,126836,11603
2753595988665018478,0.7519999742507935,126838,11604
2757708928644135285,0.7360000014305115,126993,11617
2688717238645923451,0.7200000286102295,127095,11624
2758078351660945249,0.7020000219345093,127243,11641
2676717128648410664,0.7319999933242798,127316,11650
2636679462643466037,0.8159999847412109,127362,11655
2660606366643451404,0.7179999947547913,127398,11657
2754970180654731499,0.8159999847412109,127482,11665
2682150238683157697,0.7120000123977661,127586,11674
2728761780675189171,0.7680000066757202,127892,11705
2746255514677176687,0.7099999785423279,128071,11720
2674772198678416063,0.8339999914169312,128242,11734
2664481562663637437,0.8479999899864197,128462,11759
2736913958654994841,0.7900000214576721,129525,11850
2638002731646926354,0.8320000171661377,129952,11893
2730029377648305708,0.7379999756813049,130031,11898
2732045850647006250,0.722000002861023,130193,11911
2641215830658633911,0.8460000157356262,130399,11931
2762293929661391285,0.7020000219345093,131701,12041
2728304973639783914,0.7279999852180481,131910,12066
2690146060642705313,0.7279999852180481,133384,12186
2713217812680809350,0.7200000286102295,133452,12191
2637424315659437941,0.7860000133514404,133740,12217
2647468680679265912,0.7279999852180481,134131,12252
2757872108680820586,0.7139999866485596,134220,12266
2662068055643272852,0.7179999947547913,134961,12349
2744547191659677145,0.7020000219345093,135368,12388
2767385902662621379,0.8140000104904175,135481,12400
2642944450675193005,0.7120000123977661,135591,12413
2716833859686486207,0.7379999756813049,135596,12414
2762150701669478497,0.7239999771118164,135715,12427
2663185057667335818,0.7160000205039978,135720,12428
2715219939685138789,0.75,136631,12510
2668631547645608917,0.7020000219345093,136847,12527
2657203952680222267,0.8199999928474426,136914,12539
2630698497674990397,0.7300000190734863,137031,12549
2689092777639061560,0.7160000205039978,137070,12552
2674359344674460681,0.7599999904632568,137086,12553
2661735432648340381,0.7419999837875366,137341,12576
2649719763663884648,0.7379999756813049,137675,12599
2650386546649369723,0.7260000109672546,137699,12602
2675526290682357612,0.7120000123977661,137759,12606
2633082714662146922,0.7179999947547913,137905,12618
2665938294667378264,0.7699999809265137,138128,12638
2706055083677561255,0.7239999771118164,138259,12656
2721307478680537521,0.7799999713897705,138370,12662
2734585287652711750,0.7239999771118164,138957,12704
2767034540651966291,0.7680000066757202,139098,12728
2634534666662887687,0.7200000286102295,139122,12731
2664951825651577894,0.7300000190734863,139808,12784
2736710220651266557,0.7099999785423279,140074,12800
2675710521650977640,0.7419999837875366,140250,12817
2720960584675490688,0.7799999713897705,140775,12869
2685988504678041558,0.7099999785423279,140918,12881
2739361837643498534,0.7179999947547913,141210,12915
2638112497648782044,0.7300000190734863,141414,12928
2645833541661704375,0.7179999947547913,141497,12936
2700604920688308880,0.7200000286102295,141640,12946
2742532352655269165,0.7200000286102295,141782,12963
2761694805677596008,0.8299999833106995,142289,13026
2625273684656370696,0.7379999756813049,142297,13027
2676672686674718822,0.7419999837875366,142303,13028
2686729030676885030,0.7099999785423279,143245,13109
2738583221669953587,0.7900000214576721,143525,13141
2708364677681344616,0.9200000166893005,143841,13168
2628193466670332529,0.9800000190734863,143922,13177
2661506403645171709,0.9020000100135803,144169,13202
2731501366652386850,0.9179999828338623,145042,13280
2670693432657954064,0.9200000166893005,145458,13319
2674771554641208133,0.9580000042915344,145928,13361
2762886417648947206,0.9679999947547913,147277,13473
2671692305653190716,0.9580000042915344,147857,13529
2768537474668387433,0.949999988079071,148334,13570
2621673077658833229,0.9760000109672546,148444,13580
2676143357647877611,1.1339999437332153,148990,13624
2737601507688628260,1.1820000410079956,149006,13627
2739213848663096749,1.2100000381469727,149427,13659
2720472660662287254,1.159999966621399,149449,13665
2691442387640984595,1.1460000276565552,149451,13666
2656451113674045784,1.121999979019165,149630,13678
2737317302659427820,1.100000023841858,149773,13696
2748216818639415066,1.2660000324249268,149826,13700
2716117201644464606,1.350000023841858,149961,13713
