descendant_id,descendant_bundle_index,descendant_log_stellar_mass,stage,formed_mass_fraction,state_lookback_gyr,predicted_log_stellar_mass,comparison_history_gyr,shape_comparison_limited,rank,galaxy_id,bundle_index,log_stellar_mass,mass_offset_dex,redshift,phz_log_ssfr,phz_delta_ms,cumulative_sfh_distance,global_cumulative_sfh_distance,analogue_matching_score,transition_sfh_distance,has_stamp
2701130960681498535,8714,10.925284385681152,1,0.99,0.5781584292316257,10.920919580278705,2.0,False,1,2643021420649777052,11115,11.055109977722168,0.134190397443465,0.7139999866485596,-9.978358626365662,0.4880770592709801,0.001521789225815,0.0065272137796017,0.0047853961156158,,True
2701130960681498535,8714,10.925284385681152,1,0.99,0.5781584292316257,10.920919580278705,2.0,False,2,2728463735656334952,11679,10.826992988586426,-0.0939265916922771,0.7099999785423279,-9.6164071559906,0.7752605588073805,0.0020124533707878,0.005606392634436,0.0048156496880059,,True
2701130960681498535,8714,10.925284385681152,1,0.99,0.5781584292316257,10.920919580278705,2.0,False,3,2629348585674889666,10627,10.815619468688965,-0.105300111589738,0.7400000095367432,-9.507820010185242,0.8521337354820137,0.0025586104561473,0.0079904979884504,0.0065538594503725,,True
2701130960681498535,8714,10.925284385681152,1,0.99,0.5781584292316257,10.920919580278705,2.0,False,4,2654188560677028279,7902,10.838821411132812,-0.0820981691458904,0.6480000019073486,-10.216088831424711,0.2405411641498979,0.001416175074767,0.0114622352980758,0.0071472927238049,,True
2701130960681498535,8714,10.925284385681152,1,0.99,0.5781584292316257,10.920919580278705,2.0,False,5,2637688315660366688,11005,10.77869701385498,-0.1422225664237224,0.7160000205039978,-9.974282205104828,0.3951247092204658,0.0018088344936776,0.0125319293885036,0.0080747991879294,,True
2701130960681498535,8714,10.925284385681152,2,0.98,0.9588344259026842,10.916510461373647,2.0,False,1,2741543510669237031,11901,10.781014442443848,-0.1354960189297998,0.8299999833106995,-10.250609636306764,0.0201879987136178,0.0013296493965535,0.0045231123512246,0.0035912055721658,,True
2701130960681498535,8714,10.925284385681152,2,0.98,0.9588344259026842,10.916510461373647,2.0,False,2,2706039771688719688,11713,10.967663764953612,0.0511533035799658,0.828000009059906,-10.477231323719025,-0.1433788176140359,0.0013636830043317,0.0057749216238301,0.0042511438162467,,True
2701130960681498535,8714,10.925284385681152,2,0.98,0.9588344259026842,10.916510461373647,2.0,False,3,2680074450658992915,10768,10.878759384155272,-0.037751077218374,0.8320000171661377,-10.190277457237244,0.1110067239426658,0.0010017121555671,0.0079336910967541,0.0049685577039442,,True
2701130960681498535,8714,10.925284385681152,2,0.98,0.9588344259026842,10.916510461373647,2.0,False,4,2724618747672067785,11163,10.768908500671388,-0.1476019607022607,0.8519999980926514,-10.360937178134918,-0.1118145300372642,0.0028058536309159,0.0053611751817944,0.0054864412218132,,True
2701130960681498535,8714,10.925284385681152,2,0.98,0.9588344259026842,10.916510461373647,2.0,False,5,2642089112653639034,10423,10.852462768554688,-0.0640476928189599,0.7559999823570251,-9.484444737434387,0.8735515386298743,0.0022887800366813,0.0089220221565278,0.0067497911149452,,True
2701130960681498535,8714,10.925284385681152,3,0.97,1.3193704430379056,10.912056119947398,2.0,False,1,2662483286644206979,11382,10.787511825561523,-0.1245442943858741,0.7459999918937683,-9.848279535770416,0.4966812606883554,0.0049506774230372,0.0066054764182709,0.0082534156321727,,True
2701130960681498535,8714,10.925284385681152,3,0.97,1.3193704430379056,10.912056119947398,2.0,False,2,2726206942682903730,11217,11.04628562927246,0.1342295093250634,0.8320000171661377,-9.453261613845823,0.9030674463626424,0.0041112169435505,0.0087229746563821,0.0084727042717416,,True
2701130960681498535,8714,10.925284385681152,3,0.97,1.3193704430379056,10.912056119947398,2.0,False,3,2650153644671526107,11970,11.035157203674316,0.1231010837269188,0.9580000042915344,-10.23367714881897,0.0196522808494042,0.0010607669323191,0.0157556435695232,0.0089385887170807,,True
2701130960681498535,8714,10.925284385681152,3,0.97,1.3193704430379056,10.912056119947398,2.0,False,4,2753907114669156603,11363,10.814756393432615,-0.0972997265147803,0.7179999947547913,-9.779621720314026,0.6003196546841932,0.0037477683595768,0.0115632456413713,0.0095293911802624,,True
2701130960681498535,8714,10.925284385681152,3,0.97,1.3193704430379056,10.912056119947398,2.0,False,5,2712197612642871825,11949,10.9563627243042,0.0443066043568016,0.9279999732971193,-10.236926853656769,0.0138084898635509,0.0038261616125538,0.0139415554244435,0.0107969393247756,,True
2701130960681498535,8714,10.925284385681152,4,0.96,1.6408178347847135,10.90755561872072,2.0,False,1,2656731292669262989,10726,10.857710838317873,-0.0498447804028501,0.800000011920929,-9.424365758895874,0.8968446812219572,0.0042150769034366,0.0068952071515946,0.0076626804792339,,True
2701130960681498535,8714,10.925284385681152,4,0.96,1.6408178347847135,10.90755561872072,2.0,False,2,2644312307679561784,10578,10.882490158081056,-0.0250654606396665,0.8519999980926514,-10.309046149253843,-0.0228825708203933,0.003804439858807,0.0136785603682083,0.0106437200429112,,True
2701130960681498535,8714,10.925284385681152,4,0.96,1.6408178347847135,10.90755561872072,2.0,False,3,2656500345658380123,12025,10.967135429382324,0.059579810661603,0.959999978542328,-9.260592579841614,0.9699268488502084,0.0036738101096323,0.0139917138629404,0.0106696670411025,,True
2701130960681498535,8714,10.925284385681152,4,0.96,1.6408178347847135,10.90755561872072,2.0,False,4,2699980924687626946,11709,10.787141799926758,-0.1204138187939634,0.8399999737739563,-9.201524376869202,1.0631678027572655,0.0074474219099339,0.0101942065142356,0.0125445251670517,,True
2701130960681498535,8714,10.925284385681152,4,0.96,1.6408178347847135,10.90755561872072,2.0,False,5,2699571319675492960,12032,10.889062881469728,-0.0184927372509946,0.9480000138282776,-9.610886812210085,0.6038003763307284,0.0031242247056616,0.0205987131761572,0.0134235812937402,,True
2701130960681498535,8714,10.925284385681152,5,0.95,1.8873300532611144,10.90300799097,2.0,False,1,2724431009660556260,12270,10.945770263671877,0.042762272701875,0.962000012397766,-8.961969375610352,1.2604013910009058,0.0035001615363827,0.0074501281857822,0.0072252256292738,,True
2701130960681498535,8714,10.925284385681152,5,0.95,1.8873300532611144,10.90300799097,2.0,False,2,2717298513648451794,12158,10.94308853149414,0.0400805405241406,0.9399999976158142,-10.096343517303469,0.1412519981582199,0.0041393512626497,0.0065237863755092,0.0074012444504043,,True
2701130960681498535,8714,10.925284385681152,5,0.95,1.8873300532611144,10.90300799097,2.0,False,3,2679684946673254786,12145,10.845847129821776,-0.0571608611482226,0.9020000100135804,-9.137517094612122,1.0976255501901997,0.0041773614483318,0.0076674209207598,0.0080110719087118,,True
2701130960681498535,8714,10.925284385681152,5,0.95,1.8873300532611144,10.90300799097,2.0,False,4,2690345100649584574,11946,10.93781852722168,0.0348105362516797,0.9760000109672546,-9.074658513069153,1.1352029792127811,0.0071326804095365,0.0055589997172802,0.0099121802681766,,True
2701130960681498535,8714,10.925284385681152,5,0.95,1.8873300532611144,10.90300799097,2.0,False,5,2651983972672930292,12361,10.97593593597412,0.0729279450041211,1.0,-10.01628988981247,0.1885511139824508,0.0026682014817673,0.0146780832834013,0.010007243123468,,True
2701130960681498535,8714,10.925284385681152,6,0.9,2.6622202602812894,10.879526895120478,2.0,False,1,2692489776679883769,12031,10.759861946105955,-0.1196649490145205,0.9919999837875366,-9.12474536895752,1.0186219523021776,0.0150904016622435,0.0093790620301784,0.0197799326773327,,True
2701130960681498535,8714,10.925284385681152,6,0.9,2.6622202602812894,10.879526895120478,2.0,False,2,2663992397684132796,12278,10.781817436218262,-0.0977094589022158,1.037999987602234,-9.177513003349304,0.942083571519626,0.0167676219049459,0.0073212207236288,0.0204282322667603,,True
2701130960681498535,8714,10.925284385681152,6,0.9,2.6622202602812894,10.879526895120478,2.0,False,3,2630386435648379374,12429,11.004575729370115,0.1250488342496396,1.277999997138977,-8.307857751846313,1.7374123941990909,0.0032946902551163,0.0417093620677349,0.0241493712889838,,True
2701130960681498535,8714,10.925284385681152,6,0.9,2.6622202602812894,10.879526895120478,2.0,False,4,2733713913642289891,12092,10.732643127441406,-0.1468837676790713,1.0199999809265137,-8.890724658966064,1.22553883739207,0.0227917814864558,0.0054034956673793,0.0254935293201454,,True
2701130960681498535,8714,10.925284385681152,6,0.9,2.6622202602812894,10.879526895120478,2.0,False,5,2674090409656751955,12400,10.801393508911133,-0.0781333862093447,1.1360000371932983,-8.410611867904663,1.6544035164737108,0.0101863144866211,0.0355583052926946,0.0279654671329684,,True
2701130960681498535,8714,10.925284385681152,7,0.85,3.1318584901208952,10.854703311395443,2.0,False,1,2741819226657720293,12399,10.707483291625977,-0.1472200197694686,1.1579999923706057,-8.199902772903442,1.8246861200300504,0.0040700584560752,0.0330415272726826,0.0205908220924165,,True
2701130960681498535,8714,10.925284385681152,7,0.85,3.1318584901208952,10.854703311395443,2.0,False,2,2759635543654599959,12413,10.857925415039062,0.0032221036436173,1.2719999551773071,-8.079265594482422,1.9273423895874544,0.018859278906828,0.0181506163938664,0.0279345871037613,,True
2701130960681498535,8714,10.925284385681152,7,0.85,3.1318584901208952,10.854703311395443,2.0,False,3,2675195668637612508,12320,10.83139419555664,-0.0233091158388045,0.9760000109672546,-8.480748891830444,1.6959028293247935,0.0071473939460615,0.0547478499275539,0.0345213189098384,,True
2701130960681498535,8714,10.925284385681152,7,0.85,3.1318584901208952,10.854703311395443,2.0,False,4,2634913015652100575,12276,10.765207290649414,-0.0894960207460311,0.9300000071525574,-9.25338625907898,0.9352450223207724,0.013007650393913,0.0564232709181219,0.041219285852974,,True
2701130960681498535,8714,10.925284385681152,7,0.85,3.1318584901208952,10.854703311395443,2.0,False,5,2685458456650089872,12053,10.748069763183594,-0.1066335482118514,0.977999985218048,-8.721120357513428,1.428151649657703,0.029462544480133,0.0277376760476735,0.0433313825039698,,True
2701130960681498535,8714,10.925284385681152,8,0.8,3.490623214208606,10.828374372673096,2.0,False,1,2752524161681122296,12378,10.746442794799805,-0.0819315778732914,1.25,-8.294881582260132,1.691216756531539,0.017932495945797,0.0123991771372119,0.024132084514403,,True
2701130960681498535,8714,10.925284385681152,8,0.8,3.490623214208606,10.828374372673096,2.0,False,2,2717164221659400875,12455,10.722220420837402,-0.1061539518356937,1.1139999628067017,-8.572161436080933,1.4822829269176023,0.0198670978581399,0.0449191465718575,0.0423266711440687,,True
2701130960681498535,8714,10.925284385681152,8,0.8,3.490623214208606,10.828374372673096,2.0,False,3,2741819226657720293,12399,10.707483291625977,-0.1208910810471195,1.1579999923706057,-8.199902772903442,1.8246861200300504,0.0512681027367593,0.0116223783673328,0.0570792919204257,,True
2701130960681498535,8714,10.925284385681152,8,0.8,3.490623214208606,10.828374372673096,2.0,False,4,2652718793642424678,12465,10.689908981323242,-0.1384653913498539,1.3700000047683716,-8.066347360610962,1.845379789268509,0.0441032585535026,0.0340844013122262,0.0611454592096157,,True
2701130960681498535,8714,10.925284385681152,8,0.8,3.490623214208606,10.828374372673096,2.0,False,5,2649173403675031662,10088,10.7650728225708,-0.0633015501022953,0.8320000171661377,-9.602343797683716,0.6615858601782948,0.0347775562163411,0.0596302958207749,0.0645927041267285,,True
2701130960681498535,8714,10.925284385681152,9,0.6,4.491303100775777,10.703435636064796,2.0,False,1,2716117201644464606,12470,10.577238082885742,-0.126197553179054,1.350000023841858,-8.430529594421387,1.4589546513658245,0.0394948634383709,0.0796812788121534,0.0793355028444477,,True
2701130960681498535,8714,10.925284385681152,9,0.6,4.491303100775777,10.703435636064796,2.0,False,2,2678711556674304258,12460,10.83240795135498,0.1289723152901842,1.3339999914169312,-8.20333194732666,1.7650968407574488,0.122551403376605,0.0120759926453287,0.1285893996992694,,True
2701130960681498535,8714,10.925284385681152,9,0.6,4.491303100775777,10.703435636064796,2.0,False,3,2741447642657085578,12434,10.69784164428711,-0.0055939917776868,1.1540000438690186,-8.284204959869385,1.7398074074268792,0.1516936017820471,0.015924904227395,0.1596560538957446,,True
2701130960681498535,8714,10.925284385681152,9,0.6,4.491303100775777,10.703435636064796,2.0,False,4,2629425863659052113,12405,10.631691932678224,-0.0717437033865735,1.184000015258789,-8.299566507339478,1.688358937136475,0.1530773260489066,0.0185689920315982,0.1623618220647057,,True
2701130960681498535,8714,10.925284385681152,9,0.6,4.491303100775777,10.703435636064796,2.0,False,5,2703488790670980759,12438,10.79566764831543,0.0922320122506334,1.1699999570846558,-8.407060146331787,1.6366662844041475,0.1559865357570483,0.0131841538886977,0.1625786127013972,,True
2701130960681498535,8714,10.925284385681152,10,0.4,5.209814348639651,10.527344377009117,2.0,False,1,2716117201644464606,12470,10.577238082885742,0.0498937058766273,1.350000023841858,-8.430529594421387,1.4589546513658245,0.1813665888672492,0.0251717641921499,0.1939524709633242,,True
2701130960681498535,8714,10.925284385681152,10,0.4,5.209814348639651,10.527344377009117,2.0,False,2,2735200012646842655,12391,10.424372673034668,-0.1029717039744468,1.1239999532699585,-8.43834102153778,1.521573318829318,0.2868081528807255,0.0189695548656521,0.2962929303135516,,True
2701130960681498535,8714,10.925284385681152,10,0.4,5.209814348639651,10.527344377009117,2.0,False,3,2754251518642661053,12380,10.532402992248535,0.0050586152394203,1.25,-8.072330474853516,1.852365477822208,0.2916172518691093,0.0388915256537131,0.3110630146959658,,True
2701130960681498535,8714,10.925284385681152,10,0.4,5.209814348639651,10.527344377009117,2.0,False,4,2700862331672375126,12412,10.392598152160645,-0.1347462248484703,1.2680000066757202,-8.576595783233643,1.299249346367381,0.2944075465263152,0.058502235944838,0.3236586644987341,,True
2701130960681498535,8714,10.925284385681152,10,0.4,5.209814348639651,10.527344377009117,2.0,False,5,2748216818639415066,12457,10.542264938354492,0.0149205613453773,1.2660000324249268,-8.029879570007324,1.8896759237254617,0.3045894678647851,0.0482612502710586,0.3287200930003143,,True
2701130960681498535,8714,10.925284385681152,11,0.2,5.830972527125341,10.226314381345134,1.9641729806871595,False,1,2741023943678283074,12386,10.259780883789062,0.0334665024439289,1.194000005722046,-7.938389539718628,1.9357254679424387,0.3077198984636392,0.0254359371336116,0.320437867030445,,True
2701130960681498535,8714,10.925284385681152,11,0.2,5.830972527125341,10.226314381345134,1.9641729806871595,False,2,2656685702653947484,12411,10.280752182006836,0.0544378006617023,1.121999979019165,-8.656580209732056,1.261693312420356,0.3519354579933444,0.0308940254772533,0.3673824707319711,,True
2701130960681498535,8714,10.925284385681152,11,0.2,5.830972527125341,10.226314381345134,1.9641729806871595,False,3,2684931694682266433,12243,10.088583946228027,-0.1377304351171062,0.984000027179718,-8.879212379455566,1.0607058074929188,0.3570863299133527,0.0251691149769427,0.3696708874018241,,True
2701130960681498535,8714,10.925284385681152,11,0.2,5.830972527125341,10.226314381345134,1.9641729806871595,False,4,2640109785664925808,12464,10.349495887756348,0.123181506411214,1.4780000448226929,-8.019483089447021,1.753228896901947,0.3437418167519396,0.0623983001833393,0.3749409668436093,,True
2701130960681498535,8714,10.925284385681152,11,0.2,5.830972527125341,10.226314381345134,1.9641729806871595,False,5,2717353722653902287,12439,10.230218887329102,0.0039045059839679,1.1979999542236328,-8.051108121871948,1.8123752487073843,0.3854677002210958,0.052159615577314,0.4115475080097528,,True
2701130960681498535,8714,10.925284385681152,12,0.1,6.182275513763412,9.925284385681152,1.6128699940490885,False,1,2647131718660160391,12398,10.030768394470217,0.1054840087890625,1.1699999570846558,-8.192909002304077,1.6263188369991526,0.339325950925216,0.007905180651273,0.3432785412508525,,True
2701130960681498535,8714,10.925284385681152,12,0.1,6.182275513763412,9.925284385681152,1.6128699940490885,False,2,2766281064676170516,12407,9.845746040344238,-0.079538345336914,1.1380000114440918,-8.042246699333191,1.738431426440023,0.3560978455120958,0.0050427580198471,0.3586192245220194,,True
2701130960681498535,8714,10.925284385681152,12,0.1,6.182275513763412,9.925284385681152,1.6128699940490885,False,3,2650234495658951302,12063,9.930355072021484,0.005070686340332,1.0099999904632568,-8.515605092048645,1.3597371469292594,0.3840349663798805,0.0129225926169104,0.3904962626883357,,True
2701130960681498535,8714,10.925284385681152,12,0.1,6.182275513763412,9.925284385681152,1.6128699940490885,False,4,2708364677681344616,11931,9.824572563171388,-0.1007118225097656,0.9200000166893004,-8.517350673675537,1.3793198739447372,0.3970465831376483,0.0066873197688393,0.400390243022068,,True
2701130960681498535,8714,10.925284385681152,12,0.1,6.182275513763412,9.925284385681152,1.6128699940490885,False,5,2647176063640000279,12383,9.946571350097656,0.0212869644165039,1.2400000095367432,-8.138103246688843,1.6231027140978829,0.3978270358855009,0.0518916126624535,0.4237728422167277,,True
2701130960681498535,8714,10.925284385681152,13,0.03,6.6629740994771085,9.402405640400817,1.1321714083353918,False,1,2648545772681764910,11972,9.39389705657959,-0.0085085838212251,0.9940000176429749,-7.933144807815552,1.785192828437575,0.4076186006542616,0.0447861939808494,0.4300116976446863,,True
2701130960681498535,8714,10.925284385681152,13,0.03,6.6629740994771085,9.402405640400817,1.1321714083353918,False,2,2647975483685285807,8414,9.43640422821045,0.0339985878096342,0.5099999904632568,-8.741430282592773,1.33929980347436,0.4221906865198752,0.0539372643959059,0.4491593187178282,,True
2701130960681498535,8714,10.925284385681152,13,0.03,6.6629740994771085,9.402405640400817,1.1321714083353918,False,3,2740268308665100250,11041,9.467595100402832,0.065189460002017,0.7599999904632568,-8.114611625671387,1.7718493081294908,0.4643459137674547,0.0512100624920483,0.4899509450134789,,True
2701130960681498535,8714,10.925284385681152,13,0.03,6.6629740994771085,9.402405640400817,1.1321714083353918,False,4,2729264667640595011,11779,9.489263534545898,0.0868578941450834,0.7599999904632568,-8.114611387252808,1.7791713700094447,0.4804719821409146,0.0449955726634008,0.502969768472615,,True
2701130960681498535,8714,10.925284385681152,13,0.03,6.6629740994771085,9.402405640400817,1.1321714083353918,False,5,2753054265674679912,9933,9.499979972839355,0.0975743324385405,0.5600000023841858,-8.87170934677124,1.1863394566258676,0.495797893017969,0.041514970399231,0.5165553782175846,,True
