galaxy_id,bundle_index,log_stellar_mass,redshift,phz_log_ssfr,phz_delta_ms,sfh_umap_x,sfh_umap_y,n_checkpoints
2724504764655222190,176,9.910797119140625,0.28999999165534973,-10.046527981758118,0.4768974667484679,-2.944371461868286,15.57758903503418,11
2747318900655360061,187,10.455899238586426,0.4699999988079071,-11.34218019247055,-0.8301886477805814,-3.4527790546417236,11.81324291229248,12
2737971691688775855,197,10.250126838684082,0.36000001430511475,-10.00083202123642,0.568634338382504,-2.967818260192871,14.10438346862793,12
2712656789689234291,287,9.792556762695312,0.3580000102519989,-9.95846351981163,0.42703540243865346,-2.13602876663208,13.246342658996582,11
2670894290641827252,370,9.92640209197998,0.3799999952316284,-16.70593023300171,-6.293258693870884,-3.32779598236084,13.412590026855469,11
2705172218640263124,407,10.812716484069824,0.4620000123977661,-10.75607393682003,-0.09662975377376315,-2.339296340942383,12.37287712097168,13
2742717814645895315,626,10.195389747619629,0.4000000059604645,-13.745662450790405,-3.249971585788695,-3.581068754196167,11.95976448059082,12
2650499248640360871,660,10.368856430053711,0.33000001311302185,-10.893397808074951,-0.23397171887736568,-3.2359044551849365,12.595348358154297,12
2711875963687384932,696,10.718441009521484,0.4819999933242798,-10.583782747387886,0.014372372048067183,-3.6156907081604004,12.530538558959961,13
2644190652681068440,744,10.609413146972656,0.2919999957084656,-10.416630610823631,0.3996890767164526,0.6458558440208435,11.87449836730957,13
2717683167686072044,789,10.120988845825195,0.2919999957084656,-10.41663110256195,0.1929909043455419,-1.7665187120437622,12.771354675292969,12
2653177617685263216,893,10.849359512329102,0.38199999928474426,-10.727436140179634,0.05440167087212744,-0.8823120594024658,15.670602798461914,13
2724482865640766712,935,10.554691314697266,0.3799999952316284,-10.877374917268753,-0.2114577683834581,-1.332672357559204,13.810214042663574,13
2673346092638193989,960,10.55398178100586,0.4359999895095825,-10.418392524123192,0.17355565677518248,-2.4963245391845703,14.099739074707031,13
2722992635655635302,1081,10.092466354370117,0.3540000021457672,-11.485181331634521,-0.9721347455509651,-0.6423383355140686,15.05831527709961,12
2754548422681032812,1280,10.350168228149414,0.40799999237060547,-10.32392642274499,0.22325515990648126,-0.7329676151275635,15.111457824707031,12
2662517503663840132,1880,10.183091163635254,0.5,-10.291631773114204,0.08172724266737352,-3.358102560043335,14.422224998474121,12
2761280471664679469,1912,10.606868743896484,0.35199999809265137,-11.386097967624664,-0.6599263079233731,-0.8459492325782776,15.649892807006836,13
2633610246658904883,2011,9.992318153381348,0.3799999952316284,-10.180675253272057,0.2585651852742433,0.7801095843315125,13.346538543701172,12
2662346520686217637,2220,9.826979637145996,0.32199999690055847,-10.154409915208817,0.29092678540995054,-1.2364041805267334,13.693742752075195,11
2660866381674017548,2385,10.218579292297363,0.36800000071525574,-13.542086362838745,-2.9960248599570494,-3.5659432411193848,12.686033248901367,12
2718652604657475036,2505,10.163248062133789,0.38199999928474426,-9.676016926765442,0.8295643953517965,0.05838829278945923,11.358705520629883,12
2751950488674784783,2661,10.595817565917969,0.42800000309944153,-10.706447541713715,-0.08785302820638885,-1.503651738166809,12.658970832824707,13
2711316674688861679,3201,10.000606536865234,0.3720000088214874,-9.443154156208038,1.0094362006532047,-2.288782835006714,13.885396957397461,12
2758504461649693703,3385,10.06613826751709,0.3799999952316284,-16.69313621520996,-6.224140977217002,0.3441349267959595,13.734016418457031,12
2635505172644102095,3551,9.873952865600586,0.3799999952316284,-16.69313621520996,-6.301605475308755,0.12263048440217972,13.287154197692871,11
2666451865656496198,3643,10.160100936889648,0.42399999499320984,-10.527231961488724,-0.07506735535412068,-1.6230998039245605,14.612862586975098,12
2648213781662575539,3736,10.29631519317627,0.38199999928474426,-9.911565005779266,0.6475945774264898,-1.236433982849121,13.832127571105957,12
2634498978655039634,3819,10.519712448120117,0.4699999988079071,-11.342180669307709,-0.8056375078982138,-4.05549955368042,12.564359664916992,13
2678113309637768183,3914,10.249629974365234,0.3799999952316284,-10.879223227500916,-0.33626767393119705,-1.1760822534561157,14.826085090637207,12
2763283538658028988,4122,10.252273559570312,0.3799999952316284,-10.007638350129128,0.5363827578429129,0.46652501821517944,12.22643756866455,12
2753980821676566598,4149,9.869669914245605,0.35199999809265137,-9.981763795018196,0.4427289154238977,-3.126232624053955,14.551937103271484,11
2753844028681126868,4181,10.381086349487305,0.3199999928474426,-10.3884346797131,0.29031583358852087,-2.206051826477051,13.433011054992676,12
2629855112672511445,4257,10.01547908782959,0.33799999952316284,-10.825870275497437,-0.32342142289641596,-1.952359914779663,13.634554862976074,12
2638463246642731644,4278,10.218119621276855,0.4480000138282776,-11.26559066772461,-0.8194133965777614,-3.4927122592926025,11.687028884887695,12
2645768036683214925,4398,10.390424728393555,0.46000000834465027,-11.441797971725464,-0.9430850724357122,-3.769279718399048,13.66727066040039,12
2666570533687891040,4491,10.54677963256836,0.3059999942779541,-10.142444431781769,0.626151008134633,-0.864309549331665,15.66670036315918,13
2651531292677668997,4658,10.10486888885498,0.3499999940395355,-9.963318392634392,0.560055275629732,-1.6950119733810425,12.633070945739746,12
2703392565643518830,4758,10.346606254577637,0.4320000112056732,-10.519804626703262,-0.004105387059605392,-3.1802191734313965,12.487748146057129,12
2770516392667255626,4885,11.077910423278809,0.46000000834465027,-10.913168177008629,-0.1486211849304221,-3.9242870807647705,13.924463272094727,14
2622795943658999804,4971,10.401784896850586,0.38199999928474426,-9.911564886569977,0.6900611064555496,-2.4195148944854736,11.271211624145508,12
2771426637662612331,5171,10.892925262451172,0.38999998569488525,-11.789833128452301,-1.001861729310177,-2.795276641845703,14.044532775878906,13
2640054944672936560,5315,10.8060941696167,0.4580000042915344,-11.587823510169983,-0.925818626930767,-3.820434808731079,13.575638771057129,13
2658181531669839963,5495,10.419353485107422,0.4620000123977661,-10.756073653697968,-0.24858051017549754,-2.854790687561035,14.88172435760498,12
2668550267656736019,5538,10.197906494140625,0.34599998593330383,-11.268935441970825,-0.7020783630455864,0.8558918237686157,12.430963516235352,12
2728554856682695590,5610,9.888867378234863,0.335999995470047,-10.661213397979736,-0.2083949681760512,-1.59914231300354,11.255230903625488,11
2693277407684987531,5714,10.341464042663574,0.4000000059604645,-13.745662927627563,-3.191715744938049,-3.3278415203094482,11.67066478729248,12
2734861852681779224,5826,10.807682037353516,0.4000000059604645,-10.792199560441077,-0.05231861300358054,-3.5753235816955566,14.001489639282227,13
2774427764664061440,5927,10.1167631149292,0.3700000047683716,-10.24602384865284,0.25615676745412796,-2.0189363956451416,15.65579891204834,12
2656064317644990313,6093,10.280743598937988,0.4180000126361847,-10.508303418755531,-0.0011981609451755526,-0.438986599445343,14.22463321685791,12
2661025964638724437,6321,10.363653182983398,0.46399998664855957,-11.703981399536133,-1.2203826252935701,-4.058374404907227,13.161552429199219,12
2700920070682266605,6353,9.840550422668457,0.3499999940395355,-9.988192319869995,0.42689763407522674,0.0011476356303319335,14.220311164855957,11
2729348123656856896,6597,10.511898040771484,0.4300000071525574,-10.902786076068878,-0.31971833518923864,-4.02191686630249,14.072916030883789,12
2734519678656359531,6614,10.05280876159668,0.3400000035762787,-9.663153231143951,0.8520396587553462,-0.697577953338623,12.808610916137695,12
2703168247687797534,6740,10.736059188842773,0.46799999475479126,-11.534622728824615,-0.9123385519752617,-4.252289772033691,13.819643020629883,13
2659179724639259643,6863,10.519219398498535,0.4000000059604645,-13.745662927627563,-3.1208246105525306,-1.3037267923355103,13.738189697265625,13
2750746224680803715,6986,10.873956680297852,0.46000000834465027,-10.756074219942093,-0.07039120807397892,-3.4951822757720947,11.746378898620605,13
2759499907660827473,7121,10.271777153015137,0.3779999911785126,-10.810578763484955,-0.25608664185580265,-3.079097032546997,14.014341354370117,12
2723343408678009990,7212,10.287247657775879,0.40799999237060547,-10.54916250705719,-0.026969203712401524,-2.338512897491455,14.30378246307373,12
2636067674643831403,7245,11.065765380859375,0.4580000042915344,-11.587822675704956,-0.8253080105911957,-3.4961419105529785,11.75516128540039,14
2764993389666539833,7420,10.184438705444336,0.47200000286102295,-10.675984889268875,-0.27072086723102695,-4.200625896453857,13.849995613098145,12
2660297013681025371,7456,10.087737083435059,0.3540000021457672,-10.735634744167328,-0.22452137248051296,-0.8627332448959351,15.67923355102539,12
2769823578664361256,7482,10.619194030761719,0.5619999766349792,-10.970864742994308,-0.5026991914130831,-0.5920427441596985,15.198634147644043,13
2659005880675258831,7496,11.026556968688965,0.5799999833106995,-11.163539275527,-0.5661625644492917,-0.8805878758430481,15.466748237609863,14
2732561399677451720,7518,10.508288383483887,0.5400000214576721,-11.102714240550995,-0.6513909638935816,0.9040987491607666,12.499034881591797,12
2682388564669176810,7536,10.771471977233887,0.5699999928474426,-11.218977272510529,-0.7036831243253238,-4.0235748291015625,13.27603530883789,13
2656617996638562489,7559,11.14057731628418,0.6679999828338623,-10.821703761816025,-0.2792856210035005,-3.1030497550964355,12.317045211791992,14
2698575069682181861,7563,10.78807544708252,0.6200000047683716,-12.179412603378296,-1.7119556908716693,-2.02504563331604,13.326170921325684,13
2653046521638644170,7564,10.773569107055664,0.6340000033378601,-10.228934943675995,0.2188349428240336,-1.7870484590530396,12.583062171936035,13
2634544967662319110,7574,10.883280754089355,0.5899999737739563,-11.511901497840881,-0.977894983298096,-1.860984444618225,13.379032135009766,13
2757915552654159878,7598,10.781949043273926,0.6660000085830688,-10.248202383518219,0.1703039537877039,-4.028847694396973,12.55744457244873,13
2648116295680487780,7609,10.43478775024414,0.5180000066757202,-10.656473964452744,-0.20813024624892285,0.7086653113365173,12.396729469299316,12
2642796500668519417,7646,10.624140739440918,0.6000000238418579,-10.806099757552147,-0.37676117468183945,-1.3067641258239746,14.502591133117676,13
2749977734682224934,7653,10.962965965270996,0.527999997138977,-10.776250019669533,-0.1415229745618266,-2.0158870220184326,15.674165725708008,13
2704716493649787614,7654,10.594654083251953,0.6240000128746033,-10.082486808300018,0.31158579397560027,-0.448100209236145,13.0347261428833,13
2768669916660518407,7665,11.030959129333496,0.5699999928474426,-11.3933624625206,-0.7829185264481083,-1.7005670070648193,15.354156494140625,14
2757224434662826565,7672,11.021045684814453,0.6000000238418579,-10.488754093647003,0.0841408504990454,-1.3680925369262695,15.987824440002441,14
2741791907663565040,7681,11.089616775512695,0.5899999737739563,-11.197200864553452,-0.588225463715856,-2.958292007446289,15.38724136352539,14
2732244829654192644,7693,10.622989654541016,0.6060000061988831,-10.507622495293617,-0.08494577994835828,-3.015012502670288,14.572880744934082,13
2666481923639335564,7694,10.616118431091309,0.5479999780654907,-11.047036558389664,-0.5645603265277513,1.1821924448013306,11.190237998962402,13
2756097992646844327,7729,11.416102409362793,0.5699999928474426,-11.39336308836937,-0.6416932723082859,-3.248913049697876,14.553929328918457,14
2708461817638786982,7730,10.97128963470459,0.5120000243186951,-10.945532586425543,-0.2882325852450528,-3.359156370162964,14.226783752441406,13
2754362022657458525,7746,10.480387687683105,0.5320000052452087,-10.18070563673973,0.26908520843855255,0.6940125226974487,12.12768268585205,12
2722542693650307296,7757,10.504342079162598,0.5960000157356262,-10.296222493052483,0.09389763429259135,-1.7763502597808838,12.468647956848145,12
2657115494647061680,7770,10.934616088867188,0.6000000238418579,-10.488754510879517,0.05287975373772136,-3.2393736839294434,15.320817947387695,13
2756246562674389586,7849,11.103374481201172,0.5619999766349792,-11.499165207147598,-0.8527983499059074,0.46612828969955444,13.481937408447266,14
2746431070639397278,7866,10.854269027709961,0.6000000238418579,-10.806099444627762,-0.29352587041859,-3.3262298107147217,15.148483276367188,13
2639596164656448244,7873,10.601598739624023,0.5419999957084656,-11.768169403076172,-1.2843866976920535,-2.2275586128234863,12.388260841369629,13
2646657717661339011,7875,10.48408031463623,0.5640000104904175,-10.94562491774559,-0.5293268092557956,-2.070219039916992,12.912769317626953,12
2767109854667183311,7901,10.860945701599121,0.6840000152587891,-11.778969287872314,-1.3505248200677964,-3.999326229095459,12.611355781555176,13
2712095748678483335,7928,10.921123504638672,0.5979999899864197,-12.019537806510925,-1.4805940127526758,-4.236735820770264,13.344688415527344,13
2711440064674330454,7932,10.673615455627441,0.6579999923706055,-10.641011890023947,-0.25275090643193787,-3.656766891479492,14.699416160583496,13
2697041286652424739,7971,10.419846534729004,0.6200000047683716,-11.76390027999878,-1.4284388072618843,0.39549535512924194,12.192780494689941,12
2670171781677940536,7974,10.585248947143555,0.5099999904632568,-11.64145839214325,-1.1273307834745636,1.6611729860305786,13.412013053894043,13
2698475013638167478,7976,10.860034942626953,0.6700000166893005,-12.546747326850891,-2.1047991933633354,-2.8752667903900146,14.843887329101562,13
2705108863641376532,7992,11.075942993164062,0.6060000061988831,-10.5076225399971,0.07844009437585464,-3.4425601959228516,12.762250900268555,14
2634323804671943349,7999,10.978034973144531,0.6420000195503235,-11.20491673052311,-0.6927307126912355,-4.166703701019287,13.378772735595703,13
2751534092646271391,8014,10.37236213684082,0.5120000243186951,-11.78415822982788,-1.3525828765526247,-0.2624850273132324,14.04153060913086,12
2661473100681456699,8067,11.147801399230957,0.6740000247955322,-11.477669060230255,-0.938940070971587,-3.883194923400879,12.761275291442871,14
2698069347675670636,8071,10.945611000061035,0.6880000233650208,-10.972572766244411,-0.5185680089034378,-6.814371585845947,9.088561058044434,13
2737179981682825985,8088,10.657170295715332,0.5199999809265137,-10.677792765200138,-0.1482014272315354,-1.3065491914749146,13.819918632507324,13
2712186939664193596,8115,10.534954071044922,0.5820000171661377,-10.117955565452576,0.297877431076801,-0.675767183303833,12.941493034362793,13
2681635046642344080,8130,10.862146377563477,0.5400000214576721,-10.96574604511261,-0.38283477135609234,-0.6970182657241821,14.950824737548828,13
2766950616648249769,8145,10.822989463806152,0.5899999737739563,-10.675695806741714,-0.1635951661933449,-3.1201388835906982,13.231728553771973,13
2713039868689261909,8150,10.942880630493164,0.527999997138977,-12.220112085342407,-1.5928968432316002,-2.8260295391082764,13.903711318969727,13
2722216119689368927,8158,10.715632438659668,0.628000020980835,-11.277882277965546,-0.8446281835355475,-3.2205162048339844,14.558380126953125,13
2743487934652653056,8167,10.780243873596191,0.5699999928474426,-11.855530977249146,-1.3370203149841902,-2.017031192779541,14.050614356994629,13
2676574357675236495,8171,10.925046920776367,0.6460000276565552,-11.374250054359436,-0.8850234197703003,-2.0167336463928223,15.468398094177246,13
2728540876680218483,8173,10.5021390914917,0.5820000171661377,-10.117955505847931,0.2859110455473143,0.10270444303750992,11.433374404907227,12
2734580033676530899,8179,10.783537864685059,0.5960000157356262,-11.134464621543884,-0.6431793285942625,-2.9559407234191895,15.590497970581055,13
2693112105643916109,8207,10.54640007019043,0.6019999980926514,-10.821919441223145,-0.42276074995387847,-3.313208818435669,14.28364372253418,13
2732479737674268681,8228,10.273038864135742,0.5040000081062317,-10.567072033882141,-0.16407570493804313,-0.5357075929641724,14.650077819824219,12
2660925266646738620,8244,10.811748504638672,0.5199999809265137,-10.698715075850487,-0.1110903324424225,-1.7444225549697876,13.198492050170898,13
2744002252641471504,8250,11.283575057983398,0.6259999871253967,-10.783333420753479,-0.14498475277073164,-2.847450017929077,15.6641206741333,14
2631150454662613618,8296,11.11083698272705,0.6420000195503235,-10.964087799191475,-0.40475739070169914,-2.7082629203796387,14.813200950622559,14
2735417733686791607,8314,10.628668785095215,0.527999997138977,-12.220112562179565,-1.710410794851684,-1.649348497390747,14.86741828918457,13
2705424623683516181,8320,11.09963607788086,0.5879999995231628,-11.314860939979553,-0.6999694790282845,-4.360876560211182,13.384123802185059,14
2636219740643562666,8321,10.900077819824219,0.5600000023841858,-11.091309562325478,-0.51747839921666,-2.0161845684051514,12.455801963806152,13
2732833085685621699,8344,11.118707656860352,0.527999997138977,-10.768901705741882,-0.07592813805621079,-3.9291296005249023,14.600464820861816,14
2653693239667401895,8351,10.97031021118164,0.550000011920929,-11.180042192339897,-0.5686958858686092,-0.9194493889808655,15.496617317199707,13
2663601515676584025,8356,10.628945350646973,0.6079999804496765,-10.608382964506745,-0.1856315653328796,-0.2288322150707245,13.427923202514648,13
2642352388680863415,8370,10.728629112243652,0.6299999952316284,-11.606241106987,-1.1703950594516388,-1.1582016944885254,11.244991302490234,13
2668016271688413022,8371,10.884835243225098,0.5400000214576721,-11.244550079107285,-0.6532015722267032,-2.2422103881835938,12.95328426361084,13
2646933537671268650,8390,10.694040298461914,0.527999997138977,-10.76182945817709,-0.22767911005872288,-3.641364812850952,14.32473373413086,13
2669874486679175945,8440,10.851880073547363,0.5400000214576721,-11.10122038424015,-0.5221268068638004,-3.750462770462036,12.827094078063965,13
2673339733658904219,8462,10.972343444824219,0.6700000166893005,-12.19401502609253,-1.7126779024779366,-2.986905336380005,14.81102180480957,13
2725104526647857692,8469,10.557385444641113,0.5320000052452087,-10.336134389042854,0.14239830440563261,0.4059279263019562,12.130370140075684,13
2695280121646311976,8473,10.696813583374023,0.6019999980926514,-10.953662633895874,-0.50015005694288,-1.1264612674713135,12.82699966430664,13
2659140734674707814,8487,10.401209831237793,0.6019999980926514,-10.957362473011017,-0.6106701691253914,0.5674273371696472,11.813045501708984,12
2638036243673749290,8489,10.745789527893066,0.5799999833106995,-11.155634701251984,-0.6607377387674328,-4.379742622375488,13.830681800842285,13
2734025632678106973,8492,10.990728378295898,0.628000020980835,-10.783334016799927,-0.25181828795422023,-2.8530337810516357,15.660752296447754,14
2661964015639972396,8495,11.201797485351562,0.5699999928474426,-11.19473721832037,-0.5216495898469088,0.7596362233161926,13.236623764038086,14
2719340714642270975,8507,10.391249656677246,0.527999997138977,-11.079301059246063,-0.6583927195656788,-2.171328067779541,12.40947151184082,12
2660406558688117254,8509,11.295846939086914,0.6079999804496765,-11.146327406167984,-0.4832324243907312,-2.425105571746826,14.991726875305176,14
2729749286670191168,8513,10.548240661621094,0.5699999928474426,-11.860763669013977,-1.4273248734290553,-3.779600143432617,13.529077529907227,13
2752970947648266486,8526,10.492923736572266,0.5680000185966492,-10.53207966312766,-0.11679833974728171,-1.327326774597168,13.727960586547852,12
2655745436659660485,8545,10.643595695495605,0.527999997138977,-10.768901973962784,-0.2536176255367849,-3.5927419662475586,14.401894569396973,13
2638124208671093258,8587,10.447586059570312,0.5320000052452087,-10.154468417167664,0.28307818278218144,0.07781582325696945,11.36414909362793,12
2768478229653111295,8596,10.970619201660156,0.6019999980926514,-10.821919485926628,-0.269463676009441,-0.6605200171470642,14.90063762664795,13
2737657297676901522,8641,10.671426773071289,0.6480000019073486,-10.828028559684753,-0.4306678286570472,-3.3600103855133057,11.544942855834961,13
2630499040670453886,8649,10.530411720275879,0.5960000157356262,-10.296222448348999,0.10334388018260421,-1.0969629287719727,11.301965713500977,13
2656086262639688485,8650,10.965770721435547,0.6019999980926514,-10.868801608681679,-0.31809786035982646,-0.3404892385005951,13.159975051879883,13
2728530923642733312,8656,10.973514556884766,0.5640000104904175,-10.245359897613525,0.3509057290641099,-1.3317689895629883,13.03004264831543,13
2655790022652050202,8677,10.674697875976562,0.5820000171661377,-10.117955505847931,0.34883704017124584,-3.6188461780548096,12.033520698547363,13
2756992167676911232,8696,11.020477294921875,0.6000000238418579,-10.806100323796272,-0.23341096032064768,-0.7266819477081299,15.096354484558105,14
2686225351690693956,8700,10.398109436035156,0.5239999890327454,-10.647263869643211,-0.21937203846275433,-0.6464194059371948,14.913869857788086,12
2651353085643336392,8767,10.896543502807617,0.527999997138977,-10.76890155673027,-0.15901614150390897,-1.4697526693344116,14.462406158447266,13
2642361809653481473,8775,10.37176513671875,0.5120000243186951,-10.03240042924881,0.3989499257706738,0.14484886825084686,12.652963638305664,12
2756525533643074531,8805,10.880575180053711,0.527999997138977,-10.699965670704842,-0.09605231897879263,0.6258782744407654,13.37564468383789,13
2651558465643248406,8813,11.148578643798828,0.5400000214576721,-11.401546031236649,-0.7121201418742175,-1.151415228843689,14.384689331054688,14
2717548497644518893,8822,10.916884422302246,0.6299999952316284,-11.114913672208786,-0.6118840333375731,-3.113800048828125,12.864072799682617,13
2719187519637885992,8826,10.61794376373291,0.671999990940094,-11.127841651439667,-0.7727160617671199,-4.1936540603637695,13.915703773498535,13
2749293894642418029,8843,10.694009780883789,0.6320000290870667,-11.096487671136856,-0.6750309287573218,-1.7558553218841553,14.817493438720703,13
2668856655686670719,8847,11.544370651245117,0.6600000262260437,-13.157539129257202,-2.4645309945648006,-3.290808916091919,15.21389102935791,14
2744187456640655849,8866,10.755703926086426,0.6340000033378601,-10.235418736934662,0.20598674887269242,-2.230733633041382,13.774882316589355,13
2672428496674637486,8892,10.55640697479248,0.6620000004768372,-9.974972426891327,0.3681227853685106,-2.088698625564575,11.441582679748535,13
2725981142667085340,8927,10.835874557495117,0.6299999952316284,-10.681632474064827,-0.20751322103973335,-1.7853995561599731,14.678816795349121,13
2658602621654895657,8937,11.026326179504395,0.6959999799728394,-10.700729966163635,-0.22658486215226026,-1.8695333003997803,14.73479175567627,14
2661638217676409614,8944,10.648110389709473,0.6520000100135803,-11.624700546264648,-1.2395438871628683,-2.219533920288086,11.396313667297363,13
2657933806669734646,8956,10.599919319152832,0.527999997138977,-10.699965380132198,-0.20101575245317138,-0.12571893632411957,14.682323455810547,13
2745183487681031368,8957,10.54318904876709,0.5580000281333923,-10.897594183683395,-0.45306728959427167,-2.602065086364746,12.861125946044922,13
2683008754652349703,8960,11.061332702636719,0.5899999737739563,-11.393362641334534,-0.7946638050481308,-3.8401663303375244,14.661680221557617,14
2669019816660868321,8961,11.081567764282227,0.6380000114440918,-10.951855391263962,-0.3986491754010709,-3.4069888591766357,14.222421646118164,14
2714455417679276591,8980,10.756854057312012,0.6119999885559082,-11.03520119190216,-0.5705677327724313,-2.8711657524108887,14.814629554748535,13
2725254594648276843,8981,10.553910255432129,0.5180000066757202,-10.832530528306961,-0.33942152344828147,-0.29797691106796265,13.360392570495605,13
2678813411666920551,8988,10.505845069885254,0.5180000066757202,-11.204815089702606,-0.7297685979326941,-3.38222599029541,14.260147094726562,12
2724279392638599245,9019,10.824540138244629,0.6060000061988831,-10.5076225399971,-0.012244051196547923,-3.407939910888672,12.985827445983887,13
2694658074686053286,9030,10.742839813232422,0.5619999766349792,-10.664634868502617,-0.15096182099566635,-3.387397050857544,14.479552268981934,13
2664172549654348474,9038,10.569040298461914,0.5299999713897705,-10.70037043094635,-0.21523107331506852,0.7917846441268921,13.184221267700195,13
2641630454662616769,9041,10.693198204040527,0.5879999995231628,-11.582657754421234,-1.115573636591154,-3.585254669189453,13.338969230651855,13
2638626316659902492,9042,10.829751968383789,0.5899999737739563,-10.738063253462315,-0.22350556526297416,-3.4270236492156982,11.741660118103027,13
2693964308684160253,9044,10.511374473571777,0.5680000185966492,-10.416917748749256,0.005135429828362681,-3.3834571838378906,14.285137176513672,12
2759849295675819976,9067,10.564421653747559,0.5699999928474426,-10.862184435129166,-0.4228123285645623,-2.50681471824646,15.542623519897461,13
2639311961677441742,9077,10.80655288696289,0.6620000004768372,-14.115960359573364,-3.6848316743299816,-2.873781442642212,14.902848243713379,13
2685742579680207995,9082,10.723139762878418,0.5960000157356262,-10.524292156100273,-0.054891806578557856,-1.7326602935791016,13.213296890258789,13
2715543262684629742,9088,10.806485176086426,0.6259999871253967,-10.837815247476101,-0.3700294259577973,-4.0143141746521,13.216753005981445,13
2708611046650566137,9125,11.199176788330078,0.6679999828338623,-11.492259711027145,-0.9292718628602575,-2.8944320678710938,15.632942199707031,14
2685965650643218463,9159,10.663169860839844,0.6340000033378601,-10.228935211896896,0.17950537587973903,-3.196723222732544,12.558858871459961,13
2741218217646996580,9183,11.004711151123047,0.6299999952316284,-10.681631684303284,-0.14725889205368825,-1.91069757938385,15.060670852661133,14
2645160751652275142,9231,10.825016975402832,0.6759999990463257,-10.571376979351044,-0.14763062685911754,-1.018079161643982,13.210491180419922,13
2769905890661554372,9254,10.492154121398926,0.5180000066757202,-10.656473845243454,-0.1865723026382714,-2.30061936378479,13.283868789672852,12
2673780771682705989,9296,10.82852840423584,0.6700000166893005,-10.928424701094627,-0.4975265834593433,-1.8780136108398438,13.017952919006348,13
2748577211664219116,9314,10.648207664489746,0.5040000081062317,-10.567071631550789,-0.02213139551159371,-1.7696293592453003,12.634174346923828,13
2700691511640454379,9327,10.818814277648926,0.6600000262260437,-13.157539129257202,-2.7200952268946543,-4.42197322845459,13.598875999450684,13
2660850529641369596,9328,10.98153018951416,0.6959999799728394,-10.700729966163635,-0.24212355826308551,-1.7812151908874512,12.413248062133789,13
2701891651639848519,9332,10.727286338806152,0.6700000166893005,-12.546746969223022,-2.1513566060108746,-4.162527561187744,14.18337345123291,13
2664569395644716387,9342,10.985872268676758,0.6779999732971191,-11.26820582151413,-0.7902003769423095,-3.1299593448638916,15.252127647399902,13
2656940545663160276,9372,10.639713287353516,0.6759999990463257,-10.571377106010914,-0.2124543508715112,-1.3909045457839966,13.837416648864746,13
2746701683661005742,9380,10.803319931030273,0.6420000195503235,-10.964087158441544,-0.513924555956622,-3.898287296295166,14.62899112701416,13
2645581206674689524,9396,10.458640098571777,0.6700000166893005,-14.080821990966797,-3.77965160128498,-1.3302032947540283,13.535135269165039,12
2644939420674588819,9399,11.158722877502441,0.671999990940094,-10.946812510490417,-0.402186357613474,-3.547513484954834,14.258298873901367,14
2667240718656301852,9402,10.924053192138672,0.5740000009536743,-12.487966537475586,-1.921252095103267,0.7167479395866394,12.86340045928955,13
2660768108672610934,9415,11.432960510253906,0.6740000247955322,-11.314860492944717,-0.67629099344807,-4.075441837310791,14.425350189208984,14
2746281810660572152,9416,10.484832763671875,0.5199999809265137,-10.677792310714722,-0.21290177332580618,-2.421149492263794,13.958725929260254,12
2698429063679598966,9427,10.981428146362305,0.527999997138977,-10.768901765346527,-0.12726996765266796,-1.339848279953003,15.921337127685547,13
2632703546669436528,9437,10.923436164855957,0.5580000281333923,-11.19747719168663,-0.6127402570119053,-0.1307157576084137,14.657105445861816,13
2670603430686511101,9446,10.988165855407715,0.6299999952316284,-11.114913895726204,-0.5864457039127059,-4.37429141998291,13.334222793579102,13
2647630952671123105,9449,10.914231300354004,0.6779999732971191,-10.72743844985962,-0.27447336753822127,-2.913207530975342,10.849885940551758,13
2764960299664219862,9485,10.589221954345703,0.6240000128746033,-10.527299802750349,-0.13517094553726017,-3.786752939224243,14.704915046691895,13
2705636082642955416,9491,10.629216194152832,0.6340000033378601,-11.263213098049164,-0.8668683709387995,-1.3698989152908325,14.777020454406738,13
2633958538672093518,9492,10.834426879882812,0.5640000104904175,-11.246743470430374,-0.7016211064831032,0.7393149137496948,13.583205223083496,13
2680953206645953497,9499,10.383035659790039,0.6299999952316284,-10.927170097827911,-0.6146576724398539,0.9243324398994446,12.510619163513184,12
2720329665688955001,9501,10.41581916809082,0.5180000066757202,-10.925449669361115,-0.4842341929298254,-1.828140377998352,14.800371170043945,12
2695385970637897360,9508,11.031536102294922,0.5839999914169312,-11.163538679480553,-0.5688898387837465,-0.14630545675754547,14.738348007202148,14
2743364658675172581,9535,11.052810668945312,0.5379999876022339,-11.450271844863892,-0.7940546286962423,-2.983787775039673,14.743029594421387,14
2645533784663273044,9541,11.106231689453125,0.6320000290870667,-10.743296891450882,-0.17485826613339717,-2.7042431831359863,13.737045288085938,14
2720315853648065615,9546,10.759763717651367,0.5299999713897705,-11.768033862113953,-1.2116330671580564,-1.9443424940109253,13.364893913269043,13
2699734746686720990,9554,10.666171073913574,0.5199999809265137,-10.299782127141953,0.23318837930122027,0.5327501893043518,13.527437210083008,13
2639997947677324313,9560,11.232891082763672,0.6439999938011169,-10.899343878030777,-0.29885691553892413,-2.326150894165039,13.231754302978516,14
2769328096650139257,9610,10.38935375213623,0.6520000100135803,-11.65235185623169,-1.3586537124899052,-1.2937018871307373,10.355328559875488,12
2663475534653408721,9623,10.709760665893555,0.5820000171661377,-11.152699440717697,-0.6731207538109191,-1.1634570360183716,14.321380615234375,13
2744586242683954015,9624,10.813827514648438,0.6000000238418579,-11.216200679540634,-0.7182543769925248,-1.3007373809814453,15.9237060546875,13
2748087812675550990,9632,10.847530364990234,0.5979999899864197,-10.52815192937851,-0.015850089326901462,-4.197607040405273,13.672301292419434,13
2625132809658649682,9639,10.733092308044434,0.5920000076293945,-10.741326862946153,-0.264037970521494,-4.106372356414795,13.993699073791504,13
2772284683663349269,9707,11.12105655670166,0.5320000052452087,-11.13991029560566,-0.4509695303223419,-2.0023138523101807,15.64977741241455,14
2752791672642192181,9720,10.962163925170898,0.5299999713897705,-11.613266706466675,-0.9812415872199335,1.1686304807662964,13.607304573059082,13
2638422431666528879,9722,10.759891510009766,0.5699999928474426,-10.54017823934555,-0.02913046324888635,-4.374756336212158,13.11596393585205,13
2696726725690496396,9727,11.248677253723145,0.6759999990463257,-11.268205523490906,-0.6962528207358117,-4.456945419311523,13.504899978637695,14
2754740837644624280,9732,10.576414108276367,0.527999997138977,-11.224052727222443,-0.7338939170955051,-2.981595039367676,14.07168197631836,13
2645091620677648106,9765,11.132307052612305,0.6520000100135803,-12.38257372379303,-1.8262759169832115,-0.9809162020683289,13.166468620300293,14
2639788676646721081,9767,10.476341247558594,0.5960000157356262,-10.45053692534566,-0.07056275618896957,0.7174386382102966,13.29100513458252,12
2749628679665503252,9784,11.087225914001465,0.593999981880188,-11.5021832883358,-0.8986031570994758,-1.885521411895752,15.946239471435547,14
2764457171674663931,9836,10.911633491516113,0.5920000076293945,-11.485883831977844,-0.9437838710908123,-4.063770771026611,12.515456199645996,13
2715389703688245896,9851,11.23443603515625,0.6439999938011169,-10.899343401193619,-0.29830846366673625,-3.724698781967163,12.961565017700195,14
2641714580675441049,9870,10.786266326904297,0.6700000166893005,-10.969288110733032,-0.5532122061465549,-1.9081515073776245,12.89708137512207,13
2763816942667035127,9876,10.4747896194458,0.527999997138977,-10.768902271986008,-0.31675045293986026,-2.9654457569122314,15.37913703918457,12
2667296111656220756,9895,10.674548149108887,0.5220000147819519,-10.977032393217087,-0.44323937246211254,-2.6320157051086426,13.018047332763672,13
2661506908672565519,9920,11.091300964355469,0.6679999828338623,-10.821703463792801,-0.2965824095115389,-3.025402784347534,14.714927673339844,14
2706318151652916748,9946,10.797477722167969,0.5799999833106995,-11.155635118484497,-0.6418720327076205,-0.9980540871620178,15.691551208496094,13
2672689294649366043,9964,10.716048240661621,0.6100000143051147,-10.402322173118591,0.049723313110274225,0.699397623538971,12.210013389587402,13
2771713998668548578,10008,10.994534492492676,0.578000009059906,-11.350647449493408,-0.7626903268317063,-0.6804859638214111,15.126644134521484,14
2752779650662039009,10023,8.445822715759277,0.6179999709129333,-7.870759844779968,1.7584387913948514,-4.264754295349121,13.644914627075195,0
2639918488659874522,10027,10.804911613464355,0.6779999732971191,-12.167038798332214,-1.7522837601365073,-2.777764081954956,15.36069107055664,13
2739086538668258624,10050,10.790586471557617,0.6299999952316284,-10.897879287600517,-0.43992221484572236,-3.3932554721832275,11.483792304992676,13
2674224774644804472,10063,10.931560516357422,0.6259999871253967,-10.837814874947071,-0.32531377677207873,-2.111671209335327,13.63198184967041,13
2703904871650876262,10091,10.818717956542969,0.6579999923706055,-12.587139368057251,-2.1477244690714055,-2.9474680423736572,15.576790809631348,13
2673589245674331785,10093,10.543946266174316,0.5339999794960022,-11.100536048412323,-0.6292614802852713,-0.6201692819595337,15.14549732208252,13
2622371121656403941,10094,10.714140892028809,0.6119999885559082,-11.058371603488922,-0.6091038872598112,-1.8687790632247925,13.400053024291992,13
2625565231653856693,10099,10.48001480102539,0.5720000267028809,-10.619431212544441,-0.21312656153947407,-0.9270268082618713,10.77584171295166,12
2703235227650550055,10109,11.153121948242188,0.6000000238418579,-11.285201981663704,-0.6645364364969556,-2.8077924251556396,15.493919372558594,14
2685367996646349387,10129,11.163039207458496,0.6579999923706055,-12.58713960647583,-2.0263389282890674,-3.1005988121032715,14.65759563446045,14
2727643383650932661,10170,10.754733085632324,0.6039999723434448,-10.907523319125175,-0.43520549877983916,-3.6723172664642334,14.525725364685059,13
2716299603660030596,10180,10.696371078491211,0.6679999828338623,-10.22494262456894,0.161549327877465,-4.196284770965576,13.676459312438965,13
2716680846657345081,10189,10.797829627990723,0.6039999723434448,-10.907523095607758,-0.41964581301080595,-4.019353866577148,14.483399391174316,13
2686331947645265035,10194,10.847665786743164,0.5519999861717224,-11.86723268032074,-1.3035766274602367,-0.39972448348999023,12.968381881713867,13
2659021997686046611,10222,10.781496047973633,0.515999972820282,-11.296700358390808,-0.715693539887457,-1.3159183263778687,14.778936386108398,13
2649630656653101806,10252,10.802663803100586,0.5600000023841858,-11.691741406917572,-1.1537966152669443,-1.7654567956924438,14.909274101257324,13
2728365111684740288,10264,11.059136390686035,0.527999997138977,-10.768901884555817,-0.09820763761470952,-0.993653416633606,13.24637508392334,14
2632941183657761397,10292,10.660752296447754,0.5220000147819519,-10.977032840251923,-0.4484142337760183,1.1768640279769897,13.60433292388916,13
2762804489669777140,10321,11.03504467010498,0.550000011920929,-11.191471084952354,-0.5561654111354392,-2.8357608318328857,15.6553316116333,14
2657693041655396630,10329,10.809931755065918,0.5600000023841858,-11.691740989685059,-1.1511187555806601,-1.863107442855835,14.970812797546387,13
2663092813656315325,10334,10.955976486206055,0.5899999737739563,-11.577470481395721,-1.017051137732841,-1.6874457597732544,14.680765151977539,13
2706363049677853929,10341,10.729888916015625,0.5960000157356262,-10.663087852299213,-0.19124198164064377,-1.8186964988708496,14.812972068786621,13
2719899997687876082,10393,10.39346694946289,0.527999997138977,-11.62584936618805,-1.2041117713931029,-1.9564374685287476,14.083072662353516,12
2719958107687859541,10396,10.34660530090332,0.515999972820282,-11.635372638702393,-1.2179518235727822,1.3157284259796143,13.565523147583008,12
2702069573654133538,10411,10.627347946166992,0.6179999709129333,-10.928766936063766,-0.5168813661205599,-0.5406557321548462,14.186138153076172,13
2635455298664439644,10415,10.895569801330566,0.5899999737739563,-11.39336308836937,-0.8548915454765039,0.14903399348258972,13.5675048828125,13
2698702560686329068,10423,10.397380828857422,0.515999972820282,-11.30231261253357,-0.8657923667005966,-0.3797222375869751,14.281258583068848,12
2639934511677320680,10431,10.545701026916504,0.5720000267028809,-11.233816266059875,-0.8034477767026683,-1.9786819219589233,12.378361701965332,13
2673761979655474476,10441,10.689302444458008,0.6679999828338623,-10.977070778608322,-0.5930600726370431,-1.820420265197754,12.184649467468262,13
2757858599655157835,10446,10.706671714782715,0.5879999995231628,-11.582658112049103,-1.110674146164754,-2.693986177444458,13.375635147094727,13
2741643305653776641,10461,10.913751602172852,0.5400000214576721,-12.3484365940094,-1.7463350567578888,-1.2778478860855103,14.53742790222168,13
2741813581659166701,10466,11.16602611541748,0.6480000019073486,-12.186505556106567,-1.6140224937681826,-2.66475510597229,13.31371784210205,14
2765178552651088063,10481,10.541095733642578,0.5860000252723694,-10.995544224977493,-0.5816787012041044,-0.7806835770606995,14.252876281738281,13
2637613949675454575,10482,11.44022274017334,0.6480000019073486,-12.186505436897278,-1.516937829446102,-4.099720001220703,13.0435152053833,14
2721301325689299779,10492,10.597235679626465,0.5920000076293945,-10.454040050506592,-0.026067585105957414,-2.3953144550323486,14.783869743347168,13
2738413592679567307,10501,11.072617530822754,0.5960000157356262,-10.68918251991272,-0.09315068774510282,-1.0462651252746582,10.965043067932129,14
2656096718665583266,10517,10.575952529907227,0.5220000147819519,-11.133877873420715,-0.6370651388707481,-1.9560537338256836,13.3694429397583,13
2668730247641028875,10561,10.601194381713867,0.5559999942779541,-11.233686089515686,-0.7655751592849415,-4.247432708740234,13.82210636138916,13
2727546512686339099,10562,10.54796028137207,0.5339999794960022,-11.84344732761383,-1.370675826545797,-2.124018669128418,13.666467666625977,13
2748912262678718669,10583,10.779460906982422,0.5400000214576721,-11.310687184333801,-0.7585238819245431,-2.8206992149353027,15.475749969482422,13
2644342409682157716,10619,10.684969902038574,0.6060000061988831,-10.507622972130775,-0.06258920841992277,-2.1142771244049072,12.467351913452148,13
2648122051664639270,10629,10.796610832214355,0.5619999766349792,-10.664635017514229,-0.1311716918566891,-1.3551465272903442,14.333352088928223,13
2704259055641010017,10632,10.415348052978516,0.6299999952316284,-10.080326676368713,0.24371723048662497,-2.871917247772217,14.230351448059082,12
2756299995641414568,10648,11.196914672851562,0.628000020980835,-10.615177035331726,-0.01001353718797271,-3.368406057357788,14.2190523147583,14
2751992849641553874,10652,10.365363121032715,0.6499999761581421,-10.057125300168991,0.22997826560881707,-1.8970260620117188,15.773268699645996,12
2678943519676269429,10682,10.6980619430542,0.5920000076293945,-11.113043040037155,-0.6484702915267327,1.035570502281189,12.482489585876465,13
2680750535677600126,10686,10.615645408630371,0.6060000061988831,-11.210956454277039,-0.7909289000381398,-1.3616489171981812,14.73928451538086,13
2724816580684143566,10691,10.564408302307129,0.5239999890327454,-10.51894224435091,-0.028736438096593653,0.9255332350730896,13.672906875610352,13
2688898370688940173,10708,10.919173240661621,0.6000000238418579,-10.806100189685822,-0.2700514415051153,-1.0675921440124512,14.105231285095215,13
2714577789686558985,10714,10.524572372436523,0.5920000076293945,-18.710433959960938,-8.308838526936906,-0.994154691696167,13.206689834594727,13
2640325007679837514,10721,10.64822769165039,0.5400000214576721,-11.097942978143692,-0.5945809356956074,-2.9319164752960205,14.807066917419434,13
2706523997684125772,10735,10.574939727783203,0.6039999723434448,-10.82525360584259,-0.4178479063184609,-3.056274175643921,14.129766464233398,13
2689866295670962961,10746,10.78201675415039,0.6520000100135803,-10.394681870937347,0.03780450076187092,-4.415853500366211,13.251242637634277,13
2661335437676785175,10748,10.731139183044434,0.6200000047683716,-10.922355204820633,-0.4753076815781979,-1.04603111743927,14.557567596435547,13
2745582568679769363,10756,10.985384941101074,0.6060000061988831,-10.507623016834259,0.04577419860912657,0.759384274482727,12.82239818572998,13
2655391323675664352,10803,10.384008407592773,0.6019999980926514,-10.957362294197083,-0.616885949201119,-3.2031633853912354,14.836075782775879,12
2738575477653546376,10818,10.714338302612305,0.5960000157356262,-10.524292007088661,-0.05808082170034068,-3.6969377994537354,12.842693328857422,13
2719859796687984906,10845,10.823379516601562,0.527999997138977,-10.76890154927969,-0.18637905615180783,-2.6454148292541504,13.269790649414062,13
2769497630667554200,10848,10.663925170898438,0.5239999890327454,-10.782855726778507,-0.2553598787587493,-1.4134060144424438,14.00430965423584,13
2643674219657436522,10857,10.878613471984863,0.5260000228881836,-12.357340931892395,-1.751783166054603,-2.0917415618896484,12.948853492736816,13
2670158512655600289,10868,11.008681297302246,0.527999997138977,-10.768901914358139,-0.11707759046693111,-2.7598326206207275,14.914117813110352,14
2736287140681343611,10885,10.62801456451416,0.5860000252723694,-10.720577143132687,-0.27507339081935867,0.656358540058136,12.313836097717285,13
2738074831673445301,10896,10.635472297668457,0.6019999980926514,-11.132316261529922,-0.7009701585882336,-1.4586483240127563,13.29859447479248,13
2735865651672407229,10904,10.692974090576172,0.6159999966621399,-11.01979574561119,-0.5822958409037652,-2.2827441692352295,13.284366607666016,13
2663425420652857950,10946,10.653807640075684,0.5600000023841858,-10.4313695281744,0.05173810821028846,-0.8293182253837585,15.479981422424316,13
2664467479646824576,10957,10.531482696533203,0.628000020980835,-10.837814927101135,-0.4703373565358856,-3.0326526165008545,12.220707893371582,13
2668356445682155639,10990,10.581496238708496,0.6100000143051147,-10.402322009205818,0.0012760016718041944,-0.2715207636356354,13.270989418029785,13
2758393858678463633,10994,10.867643356323242,0.5339999794960022,-10.412689328193665,0.1793004872037519,-1.8846906423568726,13.304887771606445,13
2757020701656470978,11008,10.804411888122559,0.527999997138977,-10.768902264535427,-0.19347355849293157,-2.0449633598327637,15.680044174194336,13
2757825323650156267,11025,10.86412239074707,0.6480000019073486,-11.909512519836426,-1.4439242298300532,-3.225114107131958,12.684308052062988,13
2734732562668216360,11037,10.626288414001465,0.6759999990463257,-12.586943864822388,-2.2327174467815225,-0.9298710823059082,10.691518783569336,13
2665628138649304366,11046,10.972955703735352,0.671999990940094,-11.455071210861206,-0.975541847333926,-3.7177555561065674,12.952253341674805,13
2680403967676478246,11058,10.55661678314209,0.6060000061988831,-10.5089877769351,-0.11025258418682038,-0.9326578378677368,15.349531173706055,13
2739162220651149943,11067,11.075053215026855,0.6499999761581421,-11.437344640493393,-0.899180348827271,-4.4528350830078125,13.659261703491211,14
2663307950641293144,11077,10.926976203918457,0.5799999833106995,-11.163538858294487,-0.6025089960873867,-2.66013765335083,15.398774147033691,13
2748008614669488711,11110,10.665647506713867,0.5220000147819519,-10.249357521533966,0.2810971328124253,-0.5625879764556885,12.86171817779541,13
2714940466651759166,11130,10.485526084899902,0.5199999809265137,-10.676943615078926,-0.2117927836148873,-0.9250703454017639,15.715886116027832,12
2652516742661332121,11132,11.089369773864746,0.5199999809265137,-10.717271655797958,-0.025419364484970175,-0.1274569034576416,14.650694847106934,14
2636053681657864565,11137,10.882848739624023,0.5960000157356262,-10.684425219893456,-0.1571551390977982,0.6094652414321899,11.840665817260742,13
2734741378670333453,11168,10.727575302124023,0.6700000166893005,-10.34949442744255,0.0459972813761359,-1.4491530656814575,12.610953330993652,13
2667005772680425974,11198,10.361701965332031,0.5860000252723694,-11.277364730834961,-0.9287980724919583,-0.6726022362709045,12.804335594177246,12
2767235661664203369,11217,11.287736892700195,0.8199999928474426,-10.766200602054596,-0.3199402218394468,-3.707000494003296,12.512304306030273,14
2633675520655147382,11224,11.182379722595215,0.8700000047683716,-11.051644116640091,-0.6827291123649234,-2.0346436500549316,14.031394004821777,14
2660361029667140293,11246,11.038044929504395,0.734000027179718,-11.256431683897972,-0.8150467886022336,-1.4328867197036743,14.769392967224121,14
2734299471651954458,11250,11.19643497467041,0.8320000171661377,-12.549411654472351,-2.143747324152231,-3.766711473464966,13.529741287231445,14
2699342819660582187,11258,11.106719970703125,0.8339999914169312,-10.715188354253769,-0.3407091688805469,-2.3696985244750977,14.397960662841797,14
2635926008677191143,11259,10.836073875427246,0.7760000228881836,-15.009807586669922,-4.675072146274239,-1.7823600769042969,12.777029991149902,13
2690827466688554572,11265,11.385823249816895,0.8799999952316284,-11.193738028407097,-0.7673866773030614,-4.478157043457031,13.648466110229492,14
2744926261674784084,11310,10.98168659210205,0.7480000257492065,-10.88054233789444,-0.4714502827551149,1.1368030309677124,13.617095947265625,13
2743267036648393340,11332,10.875290870666504,0.75,-10.672896414995193,-0.3017468929356527,-0.5725942254066467,15.35782241821289,13
2756642837660452338,11358,11.295145034790039,0.7900000214576721,-11.83255648612976,-1.3566847841854126,-1.0384305715560913,14.244827270507812,14
2740728771642753493,11360,11.15433120727539,0.75,-12.116620182991028,-1.6508031829498422,-0.19045262038707733,14.365440368652344,14
2745478899641286420,11362,11.200780868530273,0.7379999756813049,-11.236693479120731,-0.7436112042152244,-2.900111675262451,15.532459259033203,14
2641398981649978940,11364,11.06627368927002,0.75,-12.116620063781738,-1.6806775372600424,-0.839388906955719,15.515048027038574,14
2745484599668541108,11366,11.140734672546387,0.8240000009536743,-11.672912657260895,-1.278648629857425,-2.9050776958465576,15.530755996704102,14
2637888764646404107,11377,10.958467483520508,0.7559999823570251,-10.389638900756836,0.004234047088878312,-0.22818541526794434,14.853229522705078,13
2742104186650098369,11401,11.32470417022705,0.8399999737739563,-11.772968083620071,-1.3321785517567526,-4.500018119812012,13.629016876220703,14
2658777228660834002,11403,11.091779708862305,0.7440000176429749,-11.195879250764847,-0.7456400619979565,-1.000463604927063,13.189428329467773,14
2674887889684592096,11405,10.974037170410156,0.7699999809265137,-10.661324948072433,-0.27488545072891013,-1.5878883600234985,12.639253616333008,13
2648970207640894165,11406,11.135242462158203,0.777999997138977,-10.71817171573639,-0.2848148070019768,-1.7349475622177124,14.842013359069824,14
2747167763660824715,11427,11.067498207092285,0.8299999833106995,-12.560020089149475,-2.195019859868284,-4.246468544006348,14.11502742767334,14
2756163728667132165,11442,11.139875411987305,0.8420000076293945,-11.286345735192299,-0.9078031364063751,-2.9256937503814697,14.011190414428711,14
2660919105679256562,11446,11.339049339294434,0.8700000047683716,-11.144436731934547,-0.7247682062296553,-2.97533917427063,14.129109382629395,14
2721463605679621589,11448,11.212632179260254,0.7919999957084656,-11.091021247208118,-0.644521251704378,-0.2111295908689499,13.735733985900879,14
2634946681670064854,11453,11.158068656921387,0.7879999876022339,-12.578159809112549,-2.1462520080564462,-2.9591028690338135,14.736143112182617,14
2653595030685339424,11465,11.012518882751465,0.8259999752044678,-10.784387230873108,-0.4340788325828392,0.25616225600242615,14.101037979125977,14
2694816649653170720,11467,11.313179016113281,0.8700000047683716,-10.741972386837006,-0.330684618228681,-3.362779140472412,15.178956985473633,14
2734198909646682703,11471,11.226581573486328,0.7020000219345093,-11.549250215291977,-1.0117303586798907,-1.4564602375030518,12.96945571899414,14
2764895987665121823,11473,11.30884075164795,0.7099999785423279,-12.212372839450836,-1.654537229878629,-1.4812089204788208,15.842409133911133,14
2753746377651000618,11474,11.241734504699707,0.8600000143051147,-12.545000314712524,-2.148464066356427,-4.238103866577148,13.522134780883789,14
2701168467642957754,11476,10.805403709411621,0.7419999837875366,-11.948466300964355,-1.5938077224671505,0.8479914665222168,12.777657508850098,13
2737756090648674923,11477,10.757949829101562,0.843999981880188,-10.168599665164948,0.08332134925471324,-1.7503958940505981,12.607195854187012,13
2732827807651478642,11500,11.198380470275879,0.8199999928474426,-14.258021354675293,-3.841255405781476,0.06325846165418625,14.191606521606445,14
2634693585663087372,11517,11.425355911254883,0.7900000214576721,-12.162717640399933,-1.6433656966733268,-0.6822971701622009,15.072921752929688,14
2734541556683014051,11521,11.137466430664062,0.7879999876022339,-12.57815957069397,-2.1531366805006464,-0.7104194760322571,15.325431823730469,14
2765681518653335162,11527,10.793716430664062,0.7279999852180481,-11.015131711959839,-0.6516764194689447,-1.1385536193847656,15.897724151611328,13
2663267759669082196,11528,10.603720664978027,0.7300000190734863,-10.491109661757946,-0.19447559657102487,1.8599389791488647,13.31834888458252,13
2678615577641461018,11538,11.064937591552734,0.8199999928474426,-11.33618849515915,-0.9634688690145922,-3.0350682735443115,14.765448570251465,14
2693741541650344329,11545,10.93835163116455,0.8220000267028809,-10.737735480070114,-0.40848714993979185,-1.3028669357299805,13.823397636413574,13
2657616997665052055,11552,11.073437690734863,0.8299999833106995,-13.158875465393066,-2.791922194310755,-3.334514617919922,12.751080513000488,14
2707402373649204454,11556,11.549322128295898,0.828000009059906,-11.492425456643105,-0.9671649454283231,-4.210360050201416,14.163590431213379,14
2738667533663440783,11561,10.932392120361328,0.7919999957084656,-10.864442184567451,-0.5114474293826611,-1.1529864072799683,11.27541446685791,13
2692271036644809233,11587,11.33056640625,0.8399999737739563,-11.717874318361282,-1.275164406094008,-3.0122435092926025,15.200642585754395,14
2684353750638919377,11588,10.9376802444458,0.7179999947547913,-10.607368677854538,-0.18517647258584058,-2.013338327407837,15.652006149291992,13
2751298698680732794,11590,10.814857482910156,0.7559999823570251,-10.392062723636627,-0.04679373513454321,1.218988299369812,13.634485244750977,13
2727770358681166701,11593,11.179741859436035,0.8320000171661377,-10.895958602428436,-0.4957792067706027,-3.6170811653137207,12.057409286499023,14
2765117457657574893,11596,11.427310943603516,0.7319999933242798,-11.225702002644539,-0.6493896719605715,-1.0573489665985107,15.840285301208496,14
2724432585661459752,11599,11.319947242736816,0.8240000009536743,-12.387157201766968,-1.9338294744977946,-3.258049488067627,14.630738258361816,14
2664346641675955320,11608,11.293689727783203,0.843999981880188,-12.123591184616089,-1.696432827717468,-3.639604091644287,13.911553382873535,14
2752527619677366255,11626,11.350409507751465,0.8619999885559082,-10.75958639383316,-0.3294268243047439,-4.236464977264404,13.83326530456543,14
2710028288679110174,11627,11.066905975341797,0.7200000286102295,-10.804777771234512,-0.34010572471540323,-1.3459097146987915,14.767661094665527,14
2722238079649257346,11631,11.166144371032715,0.8259999752044678,-11.285445213317871,-0.8845444269091584,-2.029895782470703,15.312187194824219,14
2661990533645856630,11647,11.130831718444824,0.7900000214576721,-15.273361682891846,-4.852357768621622,1.2580705881118774,12.094902992248535,14
2629094238657285493,11678,11.181899070739746,0.8360000252723694,-12.844241976737976,-2.44680136672225,-3.0406198501586914,13.214676856994629,14
2633643943656498485,11686,10.864705085754395,0.8119999766349792,-10.627864465117455,-0.31451961331625233,0.02821904420852661,14.229819297790527,13
2629297229657028940,11692,11.112189292907715,0.8299999833106995,-10.709759324789047,-0.3300636162393801,-1.7369641065597534,11.238975524902344,14
2764025187661717379,11695,11.600397109985352,0.7319999933242798,-11.280281484127045,-0.6448176506017896,-1.44979727268219,15.971845626831055,14
2750584515645273020,11710,11.348611831665039,0.8519999980926514,-11.45792829990387,-1.0197544336036342,-3.2522659301757812,11.566102027893066,14
2745217026669642339,11711,11.096019744873047,0.7639999985694885,-11.061584290117025,-0.6285735166904743,-1.7566883563995361,11.22407054901123,14
2680981646680662485,11719,11.414852142333984,0.843999981880188,-10.720780849456787,-0.2539910561260875,-3.1857283115386963,15.32611083984375,14
2631890067669220076,11722,11.009880065917969,0.7300000190734863,-11.801670670509338,-1.3661197912912804,-1.744138479232788,14.895462036132812,14
2716935738689292019,11748,11.494306564331055,0.7300000190734863,-11.791543781757355,-1.1903067565678618,-2.9340415000915527,14.77908992767334,14
2699697429686803659,11766,10.878150939941406,0.7739999890327454,-10.801730193197727,-0.4511027230549264,-3.36875319480896,13.401816368103027,13
2714158677682689796,11768,11.015205383300781,0.7760000228881836,-10.830452427268028,-0.43557137751415775,-1.7200560569763184,13.150010108947754,14
2768528727668354307,11773,11.073995590209961,0.8199999928474426,-11.630666732788086,-1.254957276566898,-1.5742267370224,13.007243156433105,14
2733056231650220843,11793,10.863635063171387,0.7179999947547913,-10.605907827615738,-0.20916609725964774,1.1041384935379028,13.628080368041992,13
2768816446650861609,11801,11.015166282653809,0.7960000038146973,-11.275707334280014,-0.8986167520809826,-2.8619861602783203,14.869953155517578,14
2645081186668345376,11809,11.195656776428223,0.800000011920929,-11.353103905916214,-0.9194841516781095,-1.5899542570114136,15.858348846435547,14
2656885449642981490,11814,11.075081825256348,0.7300000190734863,-10.592774599790573,-0.13492306556969746,-2.4256350994110107,14.751084327697754,14
2730961348639469239,11833,10.893006324768066,0.7900000214576721,-11.589158654212952,-1.2475698080212996,-1.8472145795822144,11.309735298156738,13
2714310231642334691,11834,11.131832122802734,0.8399999737739563,-13.225001573562622,-2.8473940253135015,-1.5571370124816895,12.580033302307129,14
2753786221665750994,11841,11.084897994995117,0.7139999866485596,-10.948642551898956,-0.4719513229407678,-0.700810432434082,15.446470260620117,14
2758321903643991350,11865,11.281205177307129,0.7300000190734863,-12.717204093933105,-2.188853146678708,-0.5282175540924072,14.618720054626465,14
2699680028641110620,11877,11.03256607055664,0.7419999837875366,-11.664668798446655,-1.2326934836644274,-1.913439154624939,15.665148735046387,14
2643552944646876723,11889,11.452139854431152,0.8159999847412109,-10.976734101772308,-0.4725605708770587,-2.226142644882202,13.153546333312988,14
2649773501639870566,11895,11.173287391662598,0.8679999709129333,-11.076357163488865,-0.7087328665603311,-2.565479040145874,12.710238456726074,14
2693732685652973011,11905,11.234136581420898,0.7179999947547913,-10.958460092544556,-0.43437125555709566,-1.7998732328414917,14.912880897521973,14
2751909461660722440,11907,11.292204856872559,0.8320000171661377,-11.244334943592548,-0.8072030567907028,-2.4290006160736084,14.327348709106445,14
2724673269677295239,11909,11.150219917297363,0.8679999709129333,-11.489460229873657,-1.1293141982507477,-2.0178065299987793,15.038125038146973,14
2732687216684449310,11910,11.207018852233887,0.7680000066757202,-10.712694436311722,-0.24597825102682835,-3.8500757217407227,13.852957725524902,14
2751998450659860515,11912,11.057034492492676,0.7919999957084656,-10.864442110061646,-0.46985902876153285,-3.722877264022827,13.385943412780762,14
2729429204646948163,11914,11.016382217407227,0.75,-11.584854304790497,-1.1658380043171266,-2.9894092082977295,15.55502700805664,14
2709498650669012465,11920,11.175202369689941,0.8700000047683716,-10.838168442249298,-0.47157855973137475,-3.809333562850952,13.690412521362305,14
2714130955676620790,11922,10.976923942565918,0.8040000200271606,-13.42762303352356,-3.070230043318024,-2.3336422443389893,11.051407814025879,13
2708350979685714948,11927,11.154675483703613,0.7319999933242798,-11.281915232539177,-0.7987749763081619,-1.2286837100982666,15.928783416748047,14
2640838291657917010,11929,11.084339141845703,0.8679999709129333,-11.65806895494461,-1.3192808712949877,-4.205495834350586,13.858158111572266,14
2627444730656487199,11935,11.181231498718262,0.7300000190734863,-12.01498532295227,-1.5208279087895566,-4.31583309173584,13.86672306060791,14
2663171994667544842,11936,11.317039489746094,0.7179999947547913,-11.32495491951704,-0.7723710697252614,-1.7111716270446777,14.732771873474121,14
2662213274669398190,11942,11.075630187988281,0.8320000171661377,-14.189652442932129,-3.8236815043210934,-3.1861932277679443,12.417861938476562,14
2631700869668877826,11950,10.800833702087402,0.8360000252723694,-10.528447031974792,-0.2560258467824955,-1.4267263412475586,14.616467475891113,13
2688188918651321293,11951,11.23457145690918,0.8799999952316284,-13.375087261199951,-2.99755527136583,-3.474517583847046,13.114731788635254,14
2668989490676911225,11965,10.9812593460083,0.7900000214576721,-15.273362159729004,-4.902303711567687,0.6351934671401978,11.932019233703613,13
2649088267648236040,11976,11.168904304504395,0.7260000109672546,-13.121584177017212,-2.6277526096991974,-1.2663685083389282,15.855879783630371,14
2745615438637959937,11977,11.201178550720215,0.7960000038146973,-10.960353255271912,-0.5212941767347147,-1.3357253074645996,15.994322776794434,14
2691641351683773194,11988,10.996993064880371,0.7279999852180481,-11.230444207787514,-0.7974062272862007,-2.353133201599121,14.819876670837402,14
2692606061685604308,11990,11.549345970153809,0.8640000224113464,-15.702022552490234,-5.2089829507580845,-1.7965896129608154,14.83255672454834,14
2714774097654873310,12021,11.332179069519043,0.7979999780654907,-11.22730328887701,-0.7464396985598448,-3.795236587524414,13.611713409423828,14
2686796229650282150,12026,10.770387649536133,0.7699999809265137,-10.179323017597198,0.1385761316878783,-4.205948352813721,12.85732650756836,13
2761385799657102346,12032,10.980883598327637,0.8379999995231628,-11.68426525592804,-1.3544417515094032,-1.105416178703308,11.329822540283203,13
2687331723643606891,12046,10.91878890991211,0.7599999904632568,-11.06977766752243,-0.6929543562967245,-2.051393985748291,15.162152290344238,13
2629042151670736997,12047,11.067830085754395,0.75,-11.584854066371918,-1.1483835153656412,-3.0129051208496094,14.409647941589355,14
2722689946652706912,12052,11.067216873168945,0.8360000252723694,-10.799616575241089,-0.43980074973016825,-3.2737293243408203,13.057703018188477,14
2712229264643326934,12064,10.858101844787598,0.722000002861023,-10.711205020546913,-0.32011641780236355,-0.1728639304637909,14.77845287322998,13
2690824867644639038,12071,10.999921798706055,0.7940000295639038,-12.561194896697998,-2.1874275516278057,-2.85837459564209,15.245223045349121,14
2689264934648896374,12074,11.365198135375977,0.8299999833106995,-11.194128707051277,-0.7312377453231852,-2.077890634536743,14.022123336791992,14
2670609174639733357,12095,11.136139869689941,0.8299999833106995,-10.844454765319824,-0.45688354427925815,-0.2636610269546509,13.91173267364502,14
2656879837685588646,12116,11.2498140335083,0.7940000295639038,-11.755960941314697,-1.2988792002240568,-6.782980918884277,9.164559364318848,14
2646433003676509369,12117,10.800249099731445,0.7279999852180481,-11.256431818008423,-0.8907403576699867,0.7169268131256104,13.583645820617676,13
2745948159656325307,12120,11.082151412963867,0.8240000009536743,-11.519971191883087,-1.1450146497606988,-1.5617121458053589,13.120713233947754,14
2632695982662825537,12135,11.027398109436035,0.7919999957084656,-10.73710972070694,-0.3524151511734305,-2.8422961235046387,13.941513061523438,14
2743943671673025391,12136,11.155463218688965,0.800000011920929,-11.436616033315659,-1.0163656667458505,-0.7757295966148376,15.485857009887695,14
2653660134640436683,12142,11.215383529663086,0.8199999928474426,-11.794251441955566,-1.3718731872672412,-3.9434351921081543,13.965843200683594,14
2694131112653224721,12143,11.140493392944336,0.8299999833106995,-13.158875465393066,-2.7698727035975046,-3.645413398742676,12.969111442565918,14
2746877669673575318,12153,10.995149612426758,0.7179999947547913,-10.605907917022705,-0.1639626004391449,1.9619605541229248,13.2658052444458,14
2668993898665726295,12155,11.346832275390625,0.7279999852180481,-12.232088208198547,-1.6792983795195293,-3.1748790740966797,12.547523498535156,14
2763002395670386039,12167,11.22192096710205,0.7239999771118164,-10.85129052400589,-0.3373291785190201,-0.47782406210899353,14.473251342773438,14
2656992178656061619,12177,10.919354438781738,0.7900000214576721,-11.590614438056946,-1.2402273839204274,0.8704611659049988,13.64706802368164,13
2720262571679642194,12179,11.080394744873047,0.8240000009536743,-11.589374601840973,-1.2149970108310515,-1.6918882131576538,12.543790817260742,14
2712092480672408689,12194,10.787260055541992,0.7580000162124634,-13.147133588790894,-2.8129816083688497,-3.1664464473724365,11.615229606628418,13
2754630891653507570,12211,11.002866744995117,0.8399999737739563,-13.225001335144043,-2.889640906144472,-4.216819763183594,13.37370491027832,14
2695063307685640503,12212,10.972408294677734,0.7900000214576721,-11.11945790052414,-0.7513550107795123,-2.1833229064941406,12.847246170043945,13
2638150491660323049,12216,11.312932014465332,0.7200000286102295,-11.19517408311367,-0.6460087911508309,0.7480769753456116,13.225811958312988,14
2638489551664730175,12218,10.954947471618652,0.7419999837875366,-12.01481580734253,-1.609258675196949,0.6652211546897888,13.643285751342773,13
2772595055666661292,12224,10.605399131774902,0.7300000190734863,-13.048250675201416,-2.751042531809388,0.028202546760439873,13.610862731933594,13
2664817602683301827,12228,11.375839233398438,0.8679999709129333,-11.042418897151947,-0.6091291360871921,-2.155961751937866,14.966845512390137,14
2704980524662305190,12232,11.065217018127441,0.8640000224113464,-11.598643839359283,-1.2627860017887103,-3.807603120803833,12.807197570800781,14
2738409891672949920,12250,10.642065048217773,0.7179999947547913,-10.815458133816719,-0.4948734471724171,-1.5201964378356934,14.651796340942383,13
2676217911663406642,12251,11.36837387084961,0.7799999713897705,-11.317173674702644,-0.8074871698177587,-0.18233203887939453,13.208511352539062,14
2652839304675936895,12259,11.248462677001953,0.8560000061988831,-11.451183527708054,-1.0490724972987455,-2.00234055519104,14.962203979492188,14
2679577709655678334,12260,11.30599308013916,0.8799999952316284,-11.453328356146812,-1.0527436939448633,-4.239284992218018,13.854931831359863,14
2705057175638524018,12280,11.443351745605469,0.8700000047683716,-11.548637747764587,-1.0951801918353978,-3.7734553813934326,14.727174758911133,14
2734059020677717896,12290,10.901924133300781,0.7559999823570251,-10.762374326586723,-0.38763814277939146,0.9826750159263611,13.652711868286133,13
2667092646643158751,12295,11.060784339904785,0.7300000190734863,-11.798607289791107,-1.3456458580991888,-0.8882307410240173,15.465084075927734,14
2726843655679212580,12296,11.072914123535156,0.7480000257492065,-11.58937406539917,-1.1493071210236168,-2.926054000854492,15.14590072631836,14
2651497864638509117,12298,11.571656227111816,0.8140000104904175,-12.171305477619171,-1.6257617081965043,-2.9388511180877686,14.155491828918457,14
2731643812639738527,12303,11.256521224975586,0.8700000047683716,-10.838168293237686,-0.4452349603984139,-1.8988004922866821,15.524704933166504,14
2680537600685485299,12322,11.170391082763672,0.7440000176429749,-10.974914327263832,-0.49794071127461026,-1.2661224603652954,14.7506103515625,14
2688771600639078621,12328,11.333797454833984,0.7279999852180481,-12.272585451602936,-1.7242575122874508,-1.8758177757263184,14.903178215026855,14
2669062558646499134,12330,11.316312789916992,0.7279999852180481,-10.743032217025757,-0.20068937279302068,-4.312160491943359,14.007318496704102,14
2726229021649810069,12331,11.051054000854492,0.7919999957084656,-10.864442080259323,-0.4718544571033846,-3.6270885467529297,11.971450805664062,14
2749243361657050043,12341,10.790494918823242,0.7519999742507935,-10.537913829088211,-0.19732239601859247,-2.853548526763916,14.887170791625977,13
2642584218681387113,12360,10.788965225219727,0.7860000133514404,-15.039676189422607,-4.729400019436559,-1.372083067893982,13.751851081848145,13
2704340570680820772,12361,11.141716957092285,0.7139999866485596,-11.798827409744263,-1.3025743105906389,-2.7615952491760254,14.910386085510254,14
2646020659676612892,12362,10.740147590637207,0.7179999947547913,-10.605907797813416,-0.25161062316858696,-0.5997075438499451,14.672653198242188,13
2700129724639042043,12363,10.943976402282715,0.8619999885559082,-11.788019180297852,-1.4899134582668734,-1.7869499921798706,14.781612396240234,13
2628007497660384800,12371,11.137415885925293,0.7680000066757202,-11.379478260874748,-0.9362062726051473,-2.3433187007904053,13.105266571044922,14
2666646670687598315,12382,10.903458595275879,0.7400000095367432,-11.24691891670227,-0.8570440873761124,-1.7598739862442017,12.664848327636719,13
2684648409677612032,12417,10.897404670715332,0.8240000009536743,-10.558300584554672,-0.2442316583162537,-3.419735908508301,14.26108169555664,13
2662357444671499302,12433,11.32504653930664,0.7919999957084656,-10.864442348480225,-0.3804340403079177,-0.3056506812572479,13.209870338439941,14
2659432817654159653,12441,11.360827445983887,0.7900000214576721,-14.678016662597656,-4.1802121759498645,-2.813173294067383,14.856239318847656,14
2719030206679503975,12442,11.203655242919922,0.7940000295639038,-11.606744110584259,-1.1650517702965222,-3.440871000289917,13.141763687133789,14
2731512280643935213,12455,10.628886222839355,0.7139999866485596,-12.22434401512146,-1.9046504285919794,-1.0638083219528198,11.213766098022461,13
2698667038638114287,12456,11.052592277526855,0.7860000133514404,-10.174854755401611,0.22359005289323564,-1.4413001537322998,10.797694206237793,14
2707532386646723064,12464,11.281927108764648,0.7879999876022339,-12.578159928321838,-2.104860755775507,-3.379920482635498,14.279589653015137,14
2645172643646927939,12467,11.214320182800293,0.8220000267028809,-10.939814805984497,-0.5195452763473606,-1.9472970962524414,15.664451599121094,14
2709843708642855440,12478,10.937175750732422,0.7139999866485596,-10.65058347582817,-0.2247506796992097,0.49808740615844727,12.104904174804688,13
2657933245668373558,12484,11.350495338439941,0.7879999876022339,-12.578159928321838,-2.081946428778194,-2.2877109050750732,13.28572940826416,14
2725569386656146496,12495,11.20805835723877,0.8159999847412109,-10.97673413157463,-0.5532493916783455,-2.726125478744507,14.787341117858887,14
2706216789681840879,12507,10.97158432006836,0.7799999713897705,-10.632388800382614,-0.2557194032785933,-1.6689205169677734,12.64455795288086,13
2724875533659440642,12513,10.823221206665039,0.828000009059906,-10.450323939323425,-0.16400356492562074,-1.8035199642181396,12.4148588180542,13
2653583090664760657,12518,11.196322441101074,0.7279999852180481,-12.212063908576965,-1.710794407761726,-0.6524902582168579,14.91922378540039,14
2772359603664349624,12529,11.248796463012695,0.8180000185966492,-10.919675439596176,-0.4844979604454146,-2.9120166301727295,15.118936538696289,14
2758158652663348507,12542,11.351648330688477,0.8119999766349792,-12.171305537223816,-1.6967392371477836,-3.664592981338501,14.81226921081543,14
2638457778642825960,12547,11.31147289276123,0.7900000214576721,-12.162728250026703,-1.6814043214201262,-2.197592258453369,15.684134483337402,14
2653087069650859699,12571,10.850273132324219,0.800000011920929,-10.504472106695175,-0.18573563455591968,-0.17926959693431854,13.210943222045898,13
2666619030645428345,12611,11.35684585571289,0.75,-11.584854155778885,-1.0503318522145428,-3.5357460975646973,14.282297134399414,14
2750414024644663164,12634,11.169038772583008,0.7300000190734863,-10.911786556243896,-0.4217993635881673,-1.066260814666748,15.845088958740234,14
2697552551679592218,12649,11.249743461608887,0.7799999713897705,-11.31717362999916,-0.8472559998263028,-0.6035807132720947,15.021764755249023,14
2727442710661545906,12658,11.119210243225098,0.7919999957084656,-10.979654803872108,-0.5643260856452527,-0.15581992268562317,14.755725860595703,14
2689600019642851091,12673,11.268575668334961,0.8700000047683716,-11.318461637943983,-0.9216232374709655,-2.6163623332977295,13.853404998779297,14
2767441897665918507,12674,11.350131034851074,0.8679999709129333,-10.946907013654709,-0.5219516166483184,-4.481446266174316,13.687507629394531,14
2756605518651241652,12685,11.244196891784668,0.7919999957084656,-10.97965481877327,-0.5226229027375743,-1.6056491136550903,14.55017375946045,14
2720120369641440118,12695,11.01170825958252,0.8299999833106995,-10.991607999429107,-0.6449528159676806,-0.1503852754831314,13.56282901763916,14
2741522644674789966,12707,11.349767684936523,0.8460000157356262,-10.835757672786713,-0.39199978151173875,-3.382351875305176,15.175718307495117,14
2710895060686496419,12713,11.08112907409668,0.7319999933242798,-11.281915560364723,-0.823909494507039,-1.2833633422851562,15.929522514343262,14
2754059547666423420,12716,11.105372428894043,0.722000002861023,-12.139754056930542,-1.6638146898324506,-1.8802597522735596,15.756351470947266,14
2717767144682861418,12719,10.971014022827148,0.734000027179718,-11.458459556102753,-1.0399635212142857,-2.9891629219055176,14.063675880432129,13
2637822639662459400,12722,11.074836730957031,0.8700000047683716,-11.790562868118286,-1.4564866899392093,-2.24493145942688,14.194596290588379,14
2757630778655820073,12729,10.87572956085205,0.8539999723434448,-10.649871528148651,-0.36752537486960757,-2.6826119422912598,13.796600341796875,13
2640968143659656263,12732,11.375873565673828,0.7260000109672546,-13.121584177017212,-2.55684782204427,-0.21275879442691803,14.852441787719727,14
2731319705655869208,12746,11.180999755859375,0.7120000123977661,-11.691741108894348,-1.1799802493643505,-3.010850191116333,15.47661304473877,14
2645236265664081657,12749,11.151055335998535,0.7879999876022339,-12.577472686767578,-2.1479086173452706,-2.4127159118652344,14.472472190856934,14
2630634896670082685,12752,11.052791595458984,0.7879999876022339,-12.578159928321838,-2.1814339166030057,-0.7731239795684814,15.071479797363281,14
2713443559641860744,12774,10.930312156677246,0.7200000286102295,-10.739245146512985,-0.32148380541203336,-3.084421396255493,14.801970481872559,13
2640586025666967651,12787,11.152674674987793,0.7900000214576721,-10.755175441503525,-0.32687768928740424,-2.5762319564819336,13.466204643249512,14
2674563424647528695,12795,11.032700538635254,0.75,-11.584854364395142,-1.1603018954440327,-2.0789408683776855,15.216964721679688,14
2751720814669870640,12814,11.002655029296875,0.7459999918937683,-10.679707050323486,-0.26163873651229663,-2.278224468231201,13.227165222167969,14
2742153580650294239,12830,11.084470748901367,0.7300000190734863,-10.515461146831512,-0.0543983626508201,-2.010910987854004,13.150372505187988,14
2636558268645762350,12844,10.957674980163574,0.7900000214576721,-11.832555651664734,-1.469372535864664,-4.19132137298584,13.907367706298828,13
2765817247661528938,12851,11.740911483764648,0.8220000267028809,-11.37126162648201,-0.7773093653179308,-1.7024521827697754,14.98023509979248,14
2713689055691407014,12853,11.47437858581543,0.8740000128746033,-11.103265643119812,-0.6431982575689923,-2.7111012935638428,15.716645240783691,14
2726094055686086583,12864,10.755974769592285,0.7459999918937683,-10.893362909555435,-0.5591186768852708,0.8136533498764038,13.153292655944824,13
2665655771678261180,12872,11.268378257751465,0.8700000047683716,-11.242925330996513,-0.8461508821849032,-3.1656289100646973,13.766725540161133,14
2752782488644554219,12878,11.52145004272461,0.8679999709129333,-12.051960945129395,-1.571465484547359,-4.405633449554443,13.330114364624023,14
2637135997670528539,12882,11.318642616271973,0.7480000257492065,-11.297026896849275,-0.7735266651191323,-3.125730037689209,15.301743507385254,14
2733598550670555658,12886,11.243821144104004,0.8700000047683716,-10.838168412446976,-0.4493493031582251,-4.2828521728515625,12.875005722045898,14
2658804882655967756,12892,11.195805549621582,0.8579999804496765,-10.892928630113602,-0.5096471899283351,-2.8228859901428223,14.895933151245117,14
2754080473650486236,12916,11.276163101196289,0.8700000047683716,-11.857383489608765,-1.4580871209321011,-2.9115419387817383,15.57730770111084,14
2633039622654034306,12917,11.087517738342285,0.7879999876022339,-10.853833302855492,-0.4455024094421548,-2.3655991554260254,13.998147010803223,14
2732999993652664119,12943,11.476062774658203,0.8579999804496765,-10.892929136753082,-0.4184545890592166,-3.345576524734497,14.393664360046387,14
2697608116687673440,12956,11.255803108215332,0.75,-12.116620063781738,-1.6163776144856956,-2.16170597076416,13.678793907165527,14
2668709601655489501,12964,11.096538543701172,0.8399999737739563,-13.225001573562622,-2.8589556713179927,-0.4897124171257019,12.90541934967041,14
2727501063659811330,12971,11.221996307373047,0.7900000214576721,-11.832555949687958,-1.3811101977141873,-2.508054256439209,13.971942901611328,14
2726053633655196681,12974,10.898730278015137,0.7480000257492065,-11.027204737067223,-0.6462792079746104,-0.8577139377593994,15.624650955200195,13
2651179018674328617,12980,11.36005973815918,0.8700000047683716,-12.167038321495056,-1.7405634235560625,-4.4763898849487305,13.675418853759766,14
2625553875660807679,12981,11.153615951538086,0.8700000047683716,-10.790653228759766,-0.43105632139135397,-2.9377894401550293,15.059025764465332,14
2767589270649564258,12987,11.351794242858887,0.7919999957084656,-11.231280274689198,-0.7383472950817668,-3.2498292922973633,15.280131340026855,14
2653014419675954471,12991,11.301867485046387,0.8560000061988831,-12.527206659317017,-2.107705296181377,-1.8960875272750854,15.526996612548828,14
2687529585641932119,12996,11.065213203430176,0.8180000185966492,-11.314962208271027,-0.9404275117169402,-0.5759056806564331,10.683063507080078,14
2630852090668804745,13010,11.302196502685547,0.7260000109672546,-12.739611625671387,-2.2001160068188974,-1.4815361499786377,15.937586784362793,14
2667019467639892002,13025,11.134561538696289,0.7379999756813049,-11.655559659004211,-1.185052334880249,-1.6746515035629272,14.654438018798828,14
2735348725655618408,13045,11.142439842224121,0.8199999928474426,-11.639134496450424,-1.240833219343822,-1.7535016536712646,13.48466682434082,14
2635746365677114116,13047,10.969608306884766,0.7300000190734863,-12.544687986373901,-2.1229110699088296,-1.757412075996399,14.722421646118164,13
2725899041650202054,13049,10.797024726867676,0.7900000214576721,-15.273362636566162,-4.963824132071451,-3.596987247467041,12.03316593170166,13
2754624749664485979,13052,11.103998184204102,0.7139999866485596,-11.79882699251175,-1.3155598704322569,1.9418874979019165,13.278495788574219,14
2678210138648186178,13062,11.303694725036621,0.8299999833106995,-10.840391844511032,-0.3977246494489647,-1.5784306526184082,12.922532081604004,14
2669501671649803083,13063,10.872154235839844,0.7319999933242798,-10.616843163967133,-0.2302534105583437,0.016037005931138992,12.733346939086914,13
2764579267651543623,13071,11.282783508300781,0.7300000190734863,-11.456774890422821,-0.9278841139471435,-0.7917248606681824,15.592073440551758,14
2734108384674984580,13073,10.817309379577637,0.7400000095367432,-12.927997827529907,-2.5674684390137226,-0.08515244722366333,14.650357246398926,13
2694437763639009639,13078,10.868507385253906,0.7139999866485596,-11.113812685012817,-0.711621321293802,-2.973175048828125,14.610180854797363,13
2671506554679805181,13082,11.152650833129883,0.8379999995231628,-11.225800275802612,-0.8396660532796384,-3.371514320373535,13.36395263671875,14
2714625455678266530,13087,11.284464836120605,0.7919999957084656,-12.015477538108826,-1.5450097705853882,-2.041388988494873,15.794319152832031,14
2649727648639020000,13091,11.531911849975586,0.8220000267028809,-10.944137454032898,-0.41911840011728474,-1.9250308275222778,15.620437622070312,14
2741978990650042820,13095,11.068365097045898,0.8700000047683716,-11.790562510490417,-1.458582834602685,-3.1450629234313965,12.527791976928711,14
2692283402682349405,13096,10.942712783813477,0.7480000257492065,-11.030410841107368,-0.6345517363273082,-0.1626259684562683,14.331709861755371,13
2751956014660458397,13098,10.981603622436523,0.7879999876022339,-11.570471167564392,-1.197534956163247,-4.363883018493652,12.993677139282227,13
2624829255652795980,13104,11.060576438903809,0.7179999947547913,-10.60590785741806,-0.1414743278649816,-0.595058023929596,15.036304473876953,14
2755859931671674005,13115,11.479133605957031,0.8299999833106995,-11.24008023738861,-0.7397246154197094,-3.5976316928863525,14.202204704284668,14
2644188351670474008,13116,10.652544021606445,0.75,-10.18749225139618,0.10808797238506374,-1.5351216793060303,14.8400239944458,13
2718268849680284133,13143,10.667281150817871,0.75,-10.684246962890029,-0.3836670072704079,-0.4502193331718445,12.930810928344727,13
2682047950673439541,13150,11.359910011291504,0.8679999709129333,-12.167038440704346,-1.7389127885117523,-4.36941385269165,13.26544189453125,14
2707824896648233370,13157,11.519672393798828,1.0140000581741333,-14.182493925094604,-3.819788646418733,0.4648043215274811,13.617634773254395,14
2702095379687197202,13166,11.381022453308105,0.9300000071525574,-11.216942250728607,-0.8330701064987102,-1.3523966073989868,15.937508583068848,14
2638906603668565383,13190,11.479972839355469,0.9620000123977661,-11.176498413085938,-0.7866316813530898,-1.709721565246582,15.810980796813965,14
2741254909669622285,13211,11.777751922607422,0.984000027179718,-12.549764037132263,-2.084164327204783,-1.38782799243927,15.965727806091309,14
2658681023668876698,13215,11.47430419921875,0.921999990940094,-11.498759550973773,-1.0788326386448417,-1.3435765504837036,15.985488891601562,14
2659926515678439884,13216,11.280852317810059,0.9020000100135803,-11.673654913902283,-1.2992188978975237,0.9501453638076782,13.662657737731934,14
2652023828684698659,13220,11.482635498046875,0.9599999785423279,-10.786237716674805,-0.39397543844932015,-1.9036716222763062,12.528789520263672,14
2758840610664951385,13244,11.031207084655762,0.9300000071525574,-10.595577359199524,-0.3226122834348809,2.3656420707702637,13.023748397827148,14
2742501400640865583,13245,11.30339241027832,0.9879999756813049,-13.43468713760376,-3.1196739206196953,-1.8141652345657349,12.566269874572754,14
2714547310643828161,13250,11.542228698730469,0.9660000205039978,-12.188622653484344,-1.782372646406087,-2.024975061416626,15.775630950927734,14
2711484882691301867,13257,11.683749198913574,1.0099999904632568,-11.15007871389389,-0.7337845676658215,-4.2313232421875,13.643301010131836,14
2711942789656991662,13287,11.58166217803955,0.9959999918937683,-12.11314857006073,-1.7177702120595586,-2.1817896366119385,15.009543418884277,14
2767804446660793248,13289,11.528661727905273,0.9580000042915344,-12.445869266986847,-2.0375918530362918,-2.9109015464782715,15.603297233581543,14
2684132651646603701,13299,11.139220237731934,0.9200000166893005,-10.811621904373169,-0.49667764660936575,-0.5548897385597229,15.109583854675293,14
2668046088649152686,13305,11.549166679382324,0.9279999732971191,-11.793760538101196,-1.354947762864406,-1.9603573083877563,15.67729663848877,14
2681297075681779880,13311,11.530885696411133,0.984000027179718,-12.549763917922974,-2.1609907969278157,-4.352705955505371,13.598367691040039,14
2755137524676069936,13318,11.251358032226562,0.9200000166893005,-11.279698686674237,-0.9290762070885604,-1.9686193466186523,14.957165718078613,14
2747211268655253089,13342,11.247740745544434,0.984000027179718,-11.638136774301529,-1.3374804487209127,0.0003073234693147242,14.261351585388184,14
2732709580661893628,13346,11.457077980041504,0.9739999771118164,-11.472669541835785,-1.0992412545084425,-4.12003755569458,12.625144958496094,14
2678023177639950475,13348,11.4664945602417,0.9860000014305115,-12.549763917922974,-2.1825467533240155,-2.752530813217163,13.575179100036621,14
2687993303689301845,13378,11.442225456237793,0.9240000247955322,-11.182352006435394,-0.7742424659541629,-3.636455774307251,12.775402069091797,14
2660007678658316571,13380,11.392009735107422,0.9399999976158142,-11.244531854987144,-0.865105359661992,-1.40708589553833,15.967643737792969,14
2737660245682281100,13400,11.660365104675293,0.9879999756813049,-11.69174113869667,-1.2657849038379498,-3.3111488819122314,15.238306999206543,14
2697486417686297783,13401,11.318382263183594,0.9200000166893005,-11.418461762368679,-1.0465145778491993,-3.383833169937134,14.258747100830078,14
2732135091679566491,13424,11.235496520996094,0.9599999785423279,-16.864234924316406,-6.5495147548293,-2.3011693954467773,14.345763206481934,14
2691881064685832596,13444,11.524371147155762,0.9200000166893005,-11.180890291929245,-0.7434048370316089,-1.2010959386825562,15.900287628173828,14
2673516781671313439,13463,11.58977222442627,0.9580000042915344,-17.46962308883667,-7.042158518964561,-3.757702112197876,13.631293296813965,14
2753089915681087204,13464,11.574902534484863,0.949999988079071,-10.78806209564209,-0.3588954718254578,-2.354137420654297,14.279183387756348,14
2732741015687353240,13478,11.362131118774414,0.9860000014305115,-10.92756763100624,-0.592807258865498,-4.096380710601807,13.636235237121582,14
2715726339674356425,13486,11.659065246582031,0.9660000205039978,-12.188623011112213,-1.7457897395578246,-1.9245002269744873,15.825660705566406,14
2676251714665325353,13497,11.619157791137695,0.9559999704360962,-17.462871074676514,-7.02458313159018,-2.602992057800293,14.39232349395752,14
2741461257681028553,13514,11.292032241821289,0.9300000071525574,-11.785806626081467,-1.4301483465429015,-2.0174267292022705,15.497233390808105,14
2727394625679445498,13528,11.063414573669434,0.9380000233650208,-10.851140156388283,-0.5740227781993431,0.32803893089294434,13.526618957519531,14
2652212602647871083,13531,11.675451278686523,0.972000002861023,-11.917864441871643,-1.4746650866049005,-2.517127275466919,12.815939903259277,14
2758458207664527631,13534,11.317120552062988,0.9760000109672546,-11.088615074753761,-0.7603921773702323,-0.14442023634910583,14.749683380126953,14
2691235554682708428,13542,11.04890251159668,0.9440000057220459,-10.853293612599373,-0.5852639813993085,1.066767692565918,13.632743835449219,14
2660514061680209499,13551,11.48779582977295,0.9200000166893005,-11.180889934301376,-0.7550414327848052,-0.8148757219314575,15.615012168884277,14
2737726534658614445,13559,11.48829174041748,0.921999990940094,-12.019538462162018,-1.5951643619381035,-2.97324538230896,15.437606811523438,14
2640185266654879026,13560,11.478266716003418,0.9879999756813049,-11.195635288953781,-0.8262731440814037,-0.19685441255569458,14.824403762817383,14
2735742870658941120,13573,11.484087944030762,0.9480000138282776,-13.783546209335327,-3.3813902356618093,-1.8502271175384521,15.930054664611816,14
2645517487644157359,13594,11.725625991821289,0.9900000095367432,-11.69352301582694,-1.2488489741225606,-4.270687103271484,13.613235473632812,14
2764783125661607461,13604,11.511551856994629,0.9599999785423279,-11.295148700475693,-0.8938136508217496,-1.9118624925613403,15.57138729095459,14
2706230157684573875,13613,11.297362327575684,0.9879999756813049,-13.434687852859497,-3.121548716396337,-3.200040817260742,13.079106330871582,14
2689638262687382150,13645,11.642350196838379,1.2100000381469727,-12.288830935955048,-2.0216577671809435,-3.6315245628356934,13.051461219787598,14
2747678757640880194,13649,11.62430477142334,1.1579999923706055,-11.092239141464233,-0.7976076034549204,-1.1571918725967407,14.319064140319824,14
